run_id,model,project_id,iso3,country_name,decision,rationale,code_uk_eu_dualuse,code_itar_ear,code_sanctions,code_military_end_use,code_partner_identity,notes_annotator
fd164442bf29ecd3,claude-sonnet-4,8,PHL,Philippines,YES,"The project involves underwater surveillance technologies for security applications including port protection, which likely falls under dual-use export controls. The involvement of NATO as a partner and the focus on SONAR/acoustic communication technologies for surveillance purposes suggests military/defense applications. Additionally, collaboration with partners in the Philippines (a non-EU country) may trigger export licensing requirements under UK dual-use regulations for controlled surveillance and acoustic technologies.",,,,,,
7356eef5adc12b88,qwen2.5,14,UZB,Uzbekistan,NO,"The project focuses on energy-resilient sensor systems for civilian applications such as agriculture, home automation, and healthcare, with no involvement of defense-specific or dual-use technology. The project partners, including a public university in Uzbekistan, do not indicate any controlled activities or technologies.",,,,,,
012b67d8726c4eac,llama3.3,27,IRN,"Iran, Islamic Republic of",NO,"The project focuses on fundamental research in semiconductors for renewable energy generation, which is not inherently controlled under export control regulations. The research aims to improve understanding of charge-lattice interactions in novel semiconductors, and the project partners are primarily academic institutions. Although one of the project partners is a public university in Iran, the project's purpose and scope do not appear to involve the development or transfer of controlled technologies or items. The collaboration with international partners, including those in Iran, is for the purpose of advancing scientific knowledge in a field with broad civilian applications, rather than for military or dual-use purposes.",,,,,,
760ca0ef2d14b2ae,chatgpt-4o,27,MTQ,Martinique,NO,"The project focuses on fundamental research into charge-lattice interactions in semiconductors for renewable energy applications, which is not typically subject to export control. The research involves widely studied materials like semiconducting metal halides and chalcogenides, and aims to improve understanding of their properties for solar energy conversion. There is no indication of dual-use technology or military applications that would necessitate export control review.",,,,,,
f85386c40dd6f6a4,claude-sonnet-4,23,ESH,Western Sahara,NO,"This project focuses on domestic energy management systems inspired by bee communication patterns, which falls under civilian energy efficiency research. The computational algorithms for behavioral pattern analysis and energy optimization do not involve controlled technologies, encryption, or dual-use capabilities that would trigger UK export controls. While there is an international partner in Western Sahara, the research involves standard academic collaboration on civilian energy management without controlled technical data or technologies.",,,,,,
dceb75576c207c78,chatgpt-4o,14,IRN,"Iran, Islamic Republic of",YES,"The involvement of a public university located in Iran triggers export control considerations due to UK export control regulations, which include restrictions on technology transfers to certain countries, including Iran. Despite the project's focus on civilian applications, the collaboration with an Iranian entity necessitates a review to ensure compliance with these regulations.",,,,,,
891fcd4e163aa01d,qwen2.5,14,IRQ,Iraq,YES,"The project involves sensor systems for IoT applications, and one of the partners is located in Iraq. Export controls apply to projects involving entities in sanctioned countries, even if the work itself does not involve controlled technology or dual-use items.",,,,,,
de60f52250db9447,llama3.3,6,PRI,Puerto Rico,YES,"The project requires export control review due to its involvement in developing encryption technology for high-value devices in hostile environments, which could be considered dual-use. The collaboration with NASA JPL, a US government entity, and the application in areas such as unmanned aerial vehicles and critical infrastructure, further suggests potential export control concerns. Additionally, the project's focus on dynamic encryption and contextual key generation may trigger controls under the Wassenaar Arrangement or UK export control regulations. The international collaboration with partners in the US (NASA JPL) and Puerto Rico also necessitates a review to ensure compliance with relevant export control laws.",,,,,,
4136d0c33d92b7e2,llama3.3,14,PCN,Pitcairn,NO,"The project focuses on energy-resilient sensor systems for civilian applications such as agriculture, home automation, and healthcare, with no indication of defense-specific or dual-use technology. The involvement of industry partners like ARM Ltd and academic institutions like ETH Zurich and a public university in Pitcairn suggests a collaborative, non-sensitive research effort. The project's emphasis on energy harvesting for IoT applications does not inherently suggest controlled technologies. The overall scope and partnerships indicate a low-risk, non-controlled project.",,,,,,
dc7fd2118080c588,llama3.3,34,TUN,Tunisia,NO,"The research project focuses on developing a network of networks, integrating various technologies such as AI, ML, and quantum communication, but does not appear to involve the development or use of controlled dual-use items or technologies, such as military-grade encryption or sensitive radar systems. The project's emphasis on seamless end-to-end service delivery, latency, and energy efficiency suggests a focus on civilian applications. The collaboration with a public university in Tunisia does not inherently raise export control concerns, as the project's goals and technologies do not seem to be related to sensitive or controlled areas. The project's scope is largely focused on advancing networking technologies for civilian use, such as addressing the digital divide and improving network efficiency.",,,,,,
a0247c69d1312c7c,gemini2.5,27,BLM,Saint Barthélemy,YES,The project involves collaboration,,,,,,
05359ad1f7b6902a,gemini2.5,1,DEU,Germany,YES,The project involves the development,,,,,,
aab98722b97869fe,llama3.3,7,SLV,El Salvador,NO,"The project focuses on improving the resilience and reliability of IoT-based sensing and control in energy systems, which is a civilian application. The involvement of academic partners from the UK, Cyprus, and El Salvador, as well as a private company, Sygensys, does not inherently suggest a military or dual-use purpose. The project's emphasis on smart grids, microgrids, and electric vehicle charging also points towards a civilian use case, with no explicit indication of controlled technologies or military applications. The international collaboration with a public university in El Salvador may require consideration of local regulations, but it does not trigger UK export control review on its own.",,,,,,
63bce282c64d30ca,claude-sonnet-4,1,CUB,Cuba,YES,"This project involves quantum computing technology with neutral-atom quantum processors and superconducting circuits, which falls under UK export control regulations as quantum computing is a dual-use technology with potential military applications. The involvement of a Cuban university as a project partner raises additional export control concerns, as Cuba is subject to various international sanctions and export restrictions. The transfer of quantum computing knowledge, techniques, and potentially controlled microwave photon technology to Cuba would likely require export licensing under UK regulations.",,,,,,
4af3a60f2a8bd216,gemini2.5,2,KIR,Kiribati,YES,The project involves the development of,,,,,,
0c6a5ac6b03960b1,chatgpt-4o,7,SYR,Syrian Arab Republic,YES,"The involvement of a project partner from the Syrian Arab Republic, a country subject to UK export controls and sanctions, necessitates an export control review. Additionally, the project's focus on cyber-physical attacks and IoT-based control systems in energy infrastructure could involve dual-use technologies, which are subject to export control regulations.",,,,,,
9fb5a5cde1ff45cd,gemini2.5,27,SUR,Suriname,YES,The project involves research into novel semiconductor,,,,,,
68dbaa3b4fe19caa,gemini2.5,7,UMI,United States Minor Outlying Islands,YES,The project develops technology for,,,,,,
43881ee5d909ae89,qwen2.5,6,CUB,Cuba,YES,"The project involves collaboration with a public university in Cuba, which is subject to comprehensive U.S. sanctions and export controls. Additionally, the focus on securing high-value devices and protecting intellectual property in sensitive applications like unmanned aerial vehicles and critical infrastructure may involve technologies that are regulated under UK export control laws.",,,,,,
1229fc656bda26e2,chatgpt-4o,8,AGO,Angola,YES,"The COUSIN project involves the development of underwater surveillance networks with security applications, which are likely to be subject to export controls due to their potential military and dual-use nature. The involvement of SONAR and underwater acoustic communication technologies, along with partners like NATO and Thales, further suggests that the project may have military applications. Additionally, collaboration with international partners, including a university in Angola, necessitates careful review under export control regulations to ensure compliance.",,,,,,
5781e34c31b4768c,llama3.3,24,NAM,Namibia,YES,"The project involves the development of security protocols and countermeasures for trusted execution environments, which could be considered dual-use technology. The collaboration with industry partners such as ARM, Microsoft, and NVIDIA, who are major players in the development of hardware and software for trusted execution environments, suggests that the project may be working with controlled technologies. Additionally, the involvement of a project partner located in Namibia, a country subject to certain export controls, raises concerns about potential export control implications. The project's focus on evaluating the security guarantees of the PCIe Trusted Device Interface Security Protocol (TDISP) and developing countermeasures against various attacks also suggests that it may be working with controlled technologies.",,,,,,
b1714ea27cce53d7,qwen2.5,12,CMR,Cameroon,NO,"The project focuses on sustainable design principles and responsible innovation in civilian technologies such as AI, 5G, and digital communications, without any specific defense or dual-use applications. The involvement of international partners does not introduce elements that would necessitate export control under UK regulations.",,,,,,
76a9711907b1aa59,chatgpt-4o,12,BLR,Belarus,YES,"The involvement of a public university in Belarus, a country subject to UK sanctions and export controls, necessitates an export control review. Although the project focuses on sustainable ICT innovation without specific defense or dual-use applications, the collaboration with an entity in Belarus triggers potential compliance issues under UK export control regulations.",,,,,,
7b37f20830e875b7,qwen2.5,2,MDG,Madagascar,YES,"The project involves collaboration with international partners, including Intel Corporation Ltd and Yale University, and focuses on developing telemetry solutions and routing algorithms that could have dual-use applications. Export controls are applicable to projects involving foreign partners and technologies that may impact national security or foreign policy.",,,,,,
b9041af31b1d914e,claude-sonnet-4,14,PRK,"Korea, Democratic People's Republic of",YES,"The project involves a partnership with an institution in North Korea (Democratic People's Republic of Korea), which is subject to comprehensive UK sanctions and export controls. Any technology transfer, collaboration, or sharing of research outputs with North Korean entities requires export licensing under UK dual-use export control regulations, regardless of the civilian nature of the IoT sensor technology being developed.",,,,,,
f9640c7a861242f7,gemini2.5,27,PER,Peru,YES,The project involves collaboration with Wuhan,,,,,,
80b94efa71345442,chatgpt-4o,12,RUS,Russian Federation,YES,"The involvement of a public university located in the Russian Federation necessitates an export control review due to UK export control regulations, which may impose restrictions on technology transfer to certain countries. Although the project focuses on sustainable design frameworks and does not explicitly mention defense or dual-use technologies, the geopolitical context and potential for sensitive technology transfer require careful consideration.",,,,,,
a6a52d880a7f64f9,qwen2.5,34,IRN,"Iran, Islamic Republic of",YES,"The project involves advanced research in quantum communication networks and reconfigurable intelligent surfaces (RIS), which may fall under UK export control regulations due to their potential dual-use applications. Additionally, the involvement of a project partner from Iran, a country subject to specific export controls, further necessitates a review.",,,,,,
6573d9d4a51d9eb0,claude-sonnet-4,2,VUT,Vanuatu,NO,"This project focuses on carbon-aware networking and climate change mitigation through telemetry and routing algorithms, which are civilian environmental applications. While it involves networking technologies, the research is specifically aimed at reducing carbon emissions rather than developing controlled networking capabilities. The academic nature of the collaboration with universities and the environmental focus indicate this falls outside typical export control categories for dual-use technologies.",,,,,,
eab2f0fd33ae7952,llama3.3,14,TCD,Chad,NO,"The project focuses on energy-resilient sensor systems for civilian applications such as agriculture, home automation, and healthcare, with no indication of defense-specific or dual-use technology. The involvement of industry partners like ARM Ltd and Environmental Measures Ltd, as well as academic institutions like ETH Zurich and a public university in Chad, does not inherently suggest a controlled technology. The project's emphasis on energy harvesting for IoT applications in non-sensitive areas suggests it does not fall under export control regulations. The international collaboration with a university in Chad does not, by itself, trigger export control concerns given the project's nature.",,,,,,
1a44c4a09200ad1c,chatgpt-4o,6,MMR,Myanmar,YES,"The project involves dynamic encryption and contextual key generation, which are sensitive technologies potentially subject to export controls due to their applications in unmanned aerial vehicles and critical infrastructure. The involvement of a partner in Myanmar, a country subject to UK export control restrictions, further necessitates a review to ensure compliance with export regulations. Additionally, collaboration with NASA JPL indicates potential dual-use concerns.",,,,,,
6d66e81bf2ad0981,gemini2.5,34,BEL,Belgium,YES,The project involves the development of advanced,,,,,,
a20c19c6b185c226,qwen2.5,2,ISR,Israel,YES,"The project involves collaboration with a public university in Israel, which requires export control review under UK export control regulations. Additionally, the project's focus on telemetry solutions and routing algorithms could have dual-use applications, necessitating further assessment.",,,,,,
c4332ac0053cfcbd,llama3.3,24,SYR,Syrian Arab Republic,YES,"The project involves the development of security protocols and countermeasures for trusted execution environments, which could be considered dual-use technology. The collaboration with a public university in the Syrian Arab Republic, a country subject to UK and international sanctions, raises export control concerns. The project's focus on securing peripherals such as GPUs, NICs, and FPGAs, which have potential military applications, further supports the need for export control review. The involvement of industry partners like ARM, Microsoft, and NVIDIA, who are major players in the tech industry, also suggests that the project's outcomes could have significant commercial and potentially military implications.",,,,,,
a348e98a94147cfa,llama3.3,27,BEL,Belgium,NO,"The project focuses on fundamental research in novel semiconductors for renewable energy generation, which is not inherently controlled under export control regulations. The research aims to improve understanding of charge-lattice interactions in materials for solar energy conversion, and the project partners are primarily academic institutions. There is no indication of dual-use applications or involvement of controlled technologies, such as military or nuclear-related research. The project's goal of developing sustainable energy solutions and its collaboration with universities and research institutions suggest a low risk of export control concerns.",,,,,,
d39325a8c0325c7b,gemini2.5,2,BEL,Belgium,YES,"The project involves telemetry and networking, which",,,,,,
85288cfc719252d3,llama3.3,25,HND,Honduras,NO,"The JOINER project is focused on creating a national scale experimentation platform for telecommunications research, primarily within the UK, with a public university in Honduras as an additional project partner. The project's goals and activities do not appear to involve the development or transfer of controlled technologies, such as military-grade encryption, surveillance equipment, or other dual-use items. The project's emphasis on collaborative research, experimentation, and testing of telecommunications networks and services, as well as its intention to share data openly to enable innovation, suggests that it is primarily focused on civilian applications and does not pose a significant export control risk. The involvement of a Honduran university as a project partner may require consideration of international collaboration and data sharing arrangements, but does not in itself indicate a need for export control review.",,,,,,
90234046f1ff6ece,qwen2.5,14,RWA,Rwanda,NO,"The project focuses on developing energy-resilient sensor systems for IoT applications in non-defense and non-dual-use sectors such as agriculture, home automation, and healthcare. There are no references to defense-specific or dual-use technologies.",,,,,,
36618587ff3aad4f,claude-sonnet-4,1,CZE,Czechia,YES,"This project involves quantum computing technology using neutral-atom quantum processors with Rydberg states and superconducting circuits, which falls under UK dual-use export controls for quantum computing systems. The research specifically develops quantum interfaces and networking capabilities between quantum processors, representing advanced quantum computing technology that could have military applications. The involvement of an international partner in Czechia requires export control review to ensure compliance with technology transfer restrictions for controlled quantum computing technologies.",,,,,,
885be662fe43785d,llama3.3,34,ALA,Åland Islands,NO,"The research project focuses on developing a platform for ultimate network connectivity, involving various network elements and technologies such as AI, ML, and quantum communication. While the project involves advanced technologies, it does not appear to be directly related to military or dual-use applications, and the involvement of a public university in the Åland Islands as a project partner does not raise any specific export control concerns. The project's goals, such as improving network efficiency, security, and latency, are generally aligned with civilian applications. The research does not seem to involve any controlled items or technologies listed in the UK's export control regulations, such as the Military Goods, Software and Technology List or the Dual-Use List.",,,,,,
fe6edaa8739dc419,gemini2.5,34,WLF,Wallis and Futuna,YES,The project involves research and development,,,,,,
7d25187c79ac5c68,claude-sonnet-4,23,SYR,Syrian Arab Republic,YES,"The project involves collaboration with a public university in Syria, which is subject to UK export control restrictions. The computational system development and algorithmic optimization techniques could constitute controlled technology transfer to a restricted destination. Even though the research focuses on energy management in homes, the computational methods and software being developed may require export licensing when shared with the Syrian partner institution.",,,,,,
77b243221078842b,qwen2.5,2,TTO,Trinidad and Tobago,YES,"The involvement of international partners, particularly the public university in Trinidad and Tobago, necessitates an export control review to ensure compliance with UK regulations regarding the transfer of technology and information. Additionally, the project's focus on innovative networking solutions may involve controlled technologies or information.",,,,,,
16e7502e471b7cfe,gemini2.5,25,BEL,Belgium,YES,The project focuses on the development and testing,,,,,,
937049fccbbd0984,claude-sonnet-4,2,PRT,Portugal,NO,"This project focuses on carbon emission reduction in computer networks through telemetry and routing optimization, which are standard networking research areas not subject to export controls. While it involves international collaboration and industry partners, the climate-focused networking research does not involve dual-use technologies, military applications, or controlled technical data that would trigger UK export control requirements.",,,,,,
eb4e2690e1896f6e,claude-sonnet-4,34,CUB,Cuba,YES,"This project involves quantum communication networks, advanced RF technologies including terahertz spectrum, and AI/ML techniques for network optimization - all of which fall under UK dual-use export control categories. The inclusion of a Cuban university as a project partner raises additional export control concerns, as Cuba is subject to various trade restrictions. The combination of controlled technologies (quantum communications, advanced telecommunications, AI) with an embargoed destination requires export licensing review.",,,,,,
7bbe8dd2bd2306e2,chatgpt-4o,6,PRK,"Korea, Democratic People's Republic of",YES,"The project involves dynamic encryption and contextual key generation, which are sensitive technologies potentially subject to export control due to their applications in securing high-value devices in hostile environments. The involvement of a partner from the Democratic People's Republic of Korea, a country subject to strict international sanctions and export controls, further necessitates a review to ensure compliance with UK export control regulations.",,,,,,
e2ef530a1d4ab7b9,gemini2.5,14,JPN,Japan,YES,The project involves collaboration with,,,,,,
949a94ee306df3c2,llama3.3,25,IRN,"Iran, Islamic Republic of",NO,"The JOINER project is focused on creating a national scale experimentation platform for telecommunications research, primarily within the UK, with a goal of supporting collaborative research and experimentation. Although the project involves a partner from Iran, the project's primary objective and activities do not appear to involve the development or transfer of controlled technologies, such as dual-use items or military-related technologies. The project's focus on experimental research, development, and testing of telecommunications networks, as well as its aim to support academic research and innovation, suggests that it does not require export control review. The collaboration with an Iranian university may require additional considerations, but based on the provided information, the project itself does not appear to be controlled.",,,,,,
f44eea96b3fb8f5c,claude-sonnet-4,8,COK,Cook Islands,YES,"The project involves underwater surveillance technologies for security applications including port protection, which likely falls under dual-use export controls. The involvement of NATO as a partner and the focus on SONAR/acoustic communication systems for surveillance purposes suggests military or security-sensitive applications. Additionally, Thales Ltd. is a major defense contractor, and the project includes international partners from Brazil and Cook Islands, requiring careful assessment of technology transfer restrictions under UK export control regulations.",,,,,,
ef2f32ace41674b7,claude-sonnet-4,8,GLP,Guadeloupe,YES,"This project involves underwater surveillance technologies for security applications including port protection, which likely falls under dual-use export controls. The involvement of NATO as a partner and the focus on SONAR/acoustic communication systems for surveillance purposes suggests military or security-sensitive applications. Additionally, Thales Ltd. is a major defense contractor, and the international partnerships (including Brazil and Guadeloupe) indicate technology transfer that would require export control assessment under UK regulations.",,,,,,
168a517ff1f8e025,qwen2.5,14,WSM,Samoa,NO,"The project focuses on civilian applications such as agriculture, home automation, and healthcare, and does not involve defense-specific or dual-use technology. Therefore, it does not require export control review.",,,,,,
0fd089a73746a9bb,claude-sonnet-4,24,YEM,Yemen,YES,"This project involves developing security protocols and countermeasures for trusted execution environments with hardware accelerators, which could have dual-use applications in cryptographic and security systems. The research includes formal modeling of security protocols and development of attack countermeasures, potentially falling under UK export control categories for cryptographic software and information security technology. Additionally, the involvement of a project partner located in Yemen raises export control concerns, as Yemen may be subject to specific licensing requirements under UK export regulations.",,,,,,
c10b64f406c9a6b2,gemini2.5,23,FRA,France,NO,The project focuses on developing a computational system,,,,,,
c61d275da3f805d6,llama3.3,25,SYR,Syrian Arab Republic,NO,"The JOINER project is focused on creating a national scale experimentation platform for telecommunications research, primarily within the UK, with partners from academia and industry. The project's goals and activities do not appear to involve the development or transfer of controlled technologies, such as military-grade encryption, surveillance equipment, or other items listed on the UK's Military List or Dual-Use List. The involvement of a Syrian university may raise some concerns, but based on the provided information, the project's scope and objectives do not suggest any controlled activities or exports. The project's focus on collaborative research, experimentation, and testing in a representative network environment does not inherently imply the need for export control review.",,,,,,
c66c6e5539a9d9a1,gemini2.5,18,UZB,Uzbekistan,YES,The project involves the development and use of,,,,,,
96856450d7292982,chatgpt-4o,12,SJM,Svalbard and Jan Mayen,NO,"The Paris-DE project focuses on sustainable design frameworks for ICT innovation, specifically targeting carbon emission reduction and alignment with the Paris Agreement. It does not involve specific defense or dual-use technologies, and its partners are primarily civilian organizations and academic institutions. The project's emphasis on responsible innovation in AI, 5G, and digital technologies without military applications suggests it does not require export control review.",,,,,,
5ecd1c1948771ffb,claude-sonnet-4,27,SLB,Solomon Islands,NO,"This research focuses on fundamental materials science for renewable energy applications, specifically studying charge-lattice interactions in semiconductors for solar energy conversion. The work involves basic scientific research on material properties and characterization using spectroscopic techniques, without indication of dual-use technologies, military applications, or controlled materials/equipment. While the project involves international collaboration, the research appears to be purely academic in nature aimed at advancing clean energy technologies.",,,,,,
3c91b493c2c88ddb,gemini2.5,14,ARM,Armenia,YES,The project involves collaboration with a partner university,,,,,,
3697e85b7965f4fa,chatgpt-4o,2,ARE,United Arab Emirates,YES,"The project involves international collaboration, including a partner in the United Arab Emirates, which may trigger export control considerations due to the transfer of potentially sensitive technology or information. Additionally, the involvement of advanced telemetry solutions and routing algorithms in computer networks could fall under dual-use technology regulations, necessitating an export control review.",,,,,,
29a615f2aa9edd9d,claude-sonnet-4,10,BMU,Bermuda,NO,"This project focuses on cyber security research support tools and testbeds rather than developing controlled technologies. The research is conducted by academic institutions (Queen's University Belfast and a public university in Bermuda) for educational and research purposes. The abstract explicitly states the project does not produce ""restricted technologies,"" and testbeds/frameworks for cyber security research typically fall under fundamental research exemptions in export control regimes.",,,,,,
183fb8e1629e7049,gemini2.5,18,CCK,Cocos (Keeling) Islands,YES,"The project involves research into """,,,,,,
f0af14ce1370bba3,llama3.3,6,AIA,Anguilla,YES,"The project requires export control review due to its involvement with NASA JPL, a US government entity, and the development of encryption technology, which is a controlled item under export regulations. The application of the technology in unmanned aerial vehicles and critical infrastructure also raises concerns about potential military or dual-use applications. Additionally, the collaboration with a foreign entity, even if it's a public university in Anguilla, may trigger export control requirements. The project's focus on dynamic encryption and contextual key generation further supports the need for export control review.",,,,,,
4eb2aea75d8937f4,llama3.3,14,ALA,Åland Islands,NO,"The project focuses on energy-resilient sensor systems for civilian applications such as agriculture, home automation, and healthcare, with no indication of defense-specific or dual-use technology. The involvement of industry partners like ARM Ltd and Environmental Measures Ltd, as well as academic institutions like ETH Zurich and a public university in Åland Islands, further suggests a civilian-oriented research project. The project's emphasis on energy harvesting for IoT applications does not inherently imply controlled technologies. The overall scope and partnerships indicate that the project does not require export control review.",,,,,,
09432d13cb96da18,gemini2.5,7,VNM,Viet Nam,YES,The project involves developing technology for,,,,,,
5d2f363ea131f577,chatgpt-4o,26,RWA,Rwanda,YES,"The project involves advanced AI/ML technologies and decentralized learning methods, which may have dual-use implications under export control regulations. The involvement of international partners, including a public university in Rwanda, raises potential concerns about the transfer of controlled technology or knowledge to non-UK entities. Additionally, the use of high-throughput and low-latency 5G/6G technologies could be subject to export controls due to their strategic importance.",,,,,,
f7e3da7073a62ffa,qwen2.5,23,ETH,Ethiopia,NO,"The project focuses on behavioral and social aspects of energy management using computational systems inspired by bee communication, which does not involve controlled technologies, military applications, or dual-use items that would typically require export control review.",,,,,,
473fb0b290f99cd5,gemini2.5,23,LUX,Luxembourg,NO,The project focuses on developing,,,,,,
8ce1b6e90cc90575,claude-sonnet-4,14,MHL,Marshall Islands,NO,"The project focuses on civilian IoT sensor systems for agriculture, home automation, and healthcare applications with energy harvesting technology. While it involves international collaboration including a partner in the Marshall Islands, the research appears to be fundamental in nature with clear civilian applications and no indication of military, dual-use, or strategically sensitive technologies that would typically trigger UK export control requirements.",,,,,,
c476057b74ed4cd5,claude-sonnet-4,18,AFG,Afghanistan,YES,"The project involves cryptographic tools and AI-based vulnerability detection with explicit dual-use potential, which are controlled technologies under UK export regulations. The presence of defense contractors (BAE Systems, Thales, Roke Manor Research) and a project partner located in Afghanistan - a country subject to export restrictions - creates additional export control obligations. The combination of controlled cryptographic research and international collaboration with a restricted jurisdiction requires export licensing review.",,,,,,
0baf8183cc97c950,qwen2.5,7,GLP,Guadeloupe,YES,"The project involves IoT-based sensing and control in energy systems, which may include cyber-physical systems. Given the involvement of a public university in Guadeloupe, export controls may apply due to the potential for dual-use technologies and the international nature of the project.",,,,,,
b1ea64694cfbbf64,gemini2.5,25,ASM,American Samoa,YES,The project involves the development,,,,,,
25d6b142c44b91a5,claude-sonnet-4,7,MNE,Montenegro,NO,"This project focuses on general IoT sensing, control methods, and resilience techniques for energy systems, which are fundamental research areas not subject to export controls. While it involves cybersecurity considerations, these appear to be defensive applications for critical infrastructure protection rather than development of controlled cryptographic or surveillance technologies. The academic nature of the collaboration with standard university partners, including within the EU/EEA region, does not trigger additional export control requirements.",,,,,,
d6fe9279fcc3d412,chatgpt-4o,7,PRK,"Korea, Democratic People's Republic of",YES,"The involvement of a project partner from the Democratic People's Republic of Korea (North Korea) triggers export control concerns due to the country's status under international sanctions and export control regulations. The project's focus on IoT-based sensing and control in energy systems, which includes mitigating cyber-physical attacks, may involve dual-use technologies that are subject to export controls, especially when collaborating with entities in sanctioned countries.",,,,,,
ca0a2ceb4b7ab3f6,qwen2.5,8,BMU,Bermuda,YES,"The project involves NATO and Thales as partners, and it includes the development of SONAR and underwater acoustic communication technologies, which are subject to export controls due to their potential military applications.",,,,,,
eeca370f11efff3f,llama3.3,25,SVN,Slovenia,NO,"The JOINER project is focused on creating a national scale experimentation platform for telecommunications research, primarily within the UK, with a partner university in Slovenia. The project's goals and activities do not indicate the development or transfer of controlled dual-use items, such as military-grade telecommunications equipment or sensitive encryption technologies. The project's emphasis on collaborative research, experimentation, and testing in a representative network environment, as well as its focus on future networks and 6G research, suggests a civilian purpose. The involvement of a Slovenian public university as a project partner does not inherently introduce export control concerns.",,,,,,
163677930d2bef98,chatgpt-4o,23,ARE,United Arab Emirates,NO,"The project focuses on developing a computational system inspired by bees to optimize energy management in homes, which does not involve controlled technologies or sensitive information related to national security or military applications. The research is primarily concerned with energy efficiency and behavioral studies, areas typically not subject to export control. Additionally, the involvement of a public university in the UAE does not inherently trigger export control concerns, as the project does not appear to involve dual-use technologies or restricted data.",,,,,,
ed15a09c330e8161,claude-sonnet-4,14,SDN,Sudan,YES,"The project involves a partnership with a public university in Sudan, which is subject to UK export control restrictions under the Export Control Order 2008. While the core IoT sensor technology appears civilian in nature, the collaboration with an entity in Sudan requires export control review due to the country's designation under UK export control regulations, regardless of the technology's intended application.",,,,,,
cbb410b1f8e8ce36,qwen2.5,24,EST,Estonia,YES,"The project involves evaluating a new security protocol (TDISP) and developing an emulator for it, which may include research and development of technologies that could have export control implications. Additionally, the involvement of international partners, including a university in Estonia, necessitates a review to ensure compliance with export control regulations.",,,,,,
e0ee98d2239e007a,chatgpt-4o,1,BLR,Belarus,YES,"The project involves the development of a quantum interface between neutral-atom quantum processors and superconducting circuits, which is a cutting-edge technology with potential dual-use applications. The involvement of a project partner from Belarus, a country subject to specific export control regulations, further necessitates an export control review to ensure compliance with UK export control laws, particularly given the sensitive nature of quantum computing technologies.",,,,,,
d7ce1c9434593455,claude-sonnet-4,1,SYR,Syrian Arab Republic,YES,"The project involves quantum computing technology with a Syrian university partner. Syria is subject to comprehensive UK export controls and sanctions. Quantum computing technologies, particularly those involving quantum processors and networking capabilities, are typically controlled under dual-use export regulations due to their potential cryptographic and strategic applications.",,,,,,
edc86fd0671aedf1,qwen2.5,8,IRN,"Iran, Islamic Republic of",YES,"The project involves NATO and a public university in Iran, which triggers export control due to the involvement of a sanctioned country. Additionally, the development of SONAR and underwater acoustic communication technologies has potential military applications, further necessitating export control review.",,,,,,
02505b6b3fe573d9,chatgpt-4o,6,SGP,Singapore,YES,"The project involves dynamic encryption and contextual key generation, which are sensitive technologies potentially subject to export control due to their applications in securing high-value devices in hostile environments. The involvement of NASA JPL, a U.S. entity, and a partner in Singapore, a non-EU country, further necessitates an export control review to ensure compliance with international regulations on the transfer of cryptographic technology.",,,,,,
cb4c31b09144790e,llama3.3,14,MKD,North Macedonia,NO,"The project focuses on energy-resilient sensor systems for IoT applications in civilian areas such as agriculture, home automation, and healthcare, with no indication of defense-specific or dual-use technology. The involvement of industry partners like ARM Ltd and academic institutions like ETH Zurich and a public university in North Macedonia does not inherently suggest controlled technologies. The project's emphasis on energy harvesting for unreliable internet of things does not appear to involve sensitive or controlled technologies that would require export control review. The overall scope and partners suggest a civilian-focused research project.",,,,,,
4bb6fd728d3f4be9,llama3.3,26,KWT,Kuwait,NO,"The project focuses on developing a novel distributed architecture for decentralized learning methods, specifically for edge AI applications. While the project involves international collaboration with a public university in Kuwait, the research itself does not appear to involve controlled technologies, such as military or dual-use items. The project's goals and outcomes seem to be focused on improving the efficiency and scalability of AI/ML methods for commercial and daily-life applications, rather than developing controlled technologies. The involvement of industry partners like IBM, Nokia, and Samsung suggests a commercial focus, further supporting the conclusion that the project is not controlled.",,,,,,
fbe7141ed42a23fd,chatgpt-4o,1,AFG,Afghanistan,YES,"The project involves the development of a quantum interface between neutral-atom quantum processors and superconducting circuits, which is a cutting-edge technology with potential dual-use applications. The involvement of a project partner from Afghanistan, a country subject to UK export control regulations, further necessitates an export control review to ensure compliance with international security and non-proliferation obligations.",,,,,,
c946934e32f64727,claude-sonnet-4,27,SSD,South Sudan,NO,"This research focuses on fundamental materials science for renewable energy applications, specifically studying charge-lattice interactions in semiconductors for solar energy conversion. The work involves basic scientific research on material properties and characterization using spectroscopic techniques, without indication of dual-use technologies, military applications, or controlled materials/equipment. While the project involves international collaboration, the research appears to be purely academic in nature aimed at advancing clean energy technology, which does not typically fall under export control restrictions.",,,,,,
b4f3b9bc4940804b,qwen2.5,8,TGO,Togo,YES,"The project involves NATO and Thales as partners, and includes the development of SONAR and underwater acoustic communication technologies, which are subject to export controls due to their potential military applications.",,,,,,
9f83f98a506dda26,chatgpt-4o,26,CYM,Cayman Islands,NO,"The project focuses on developing a decentralized learning architecture for AI/ML at scale, leveraging existing technologies like AI/ML accelerators and 5G/6G networks. It does not explicitly involve controlled technologies or sensitive data that would typically trigger export control concerns. The involvement of international partners, including a university in the Cayman Islands, does not inherently necessitate export control unless specific controlled technologies or data are exchanged, which is not indicated in the abstract.",,,,,,
b2ec7c049193023e,chatgpt-4o,14,CUB,Cuba,YES,"The involvement of a public university in Cuba, a country subject to UK export controls, necessitates an export control review. While the project does not explicitly involve defense-specific or dual-use technology, the collaboration with a Cuban entity requires careful assessment to ensure compliance with UK export regulations.",,,,,,
c24681827db9e4e1,gemini2.5,10,COK,Cook Islands,YES,"The project involves ""information",,,,,,
15b4f9201c60fba8,llama3.3,18,MYS,Malaysia,YES,"The project involves dual-use potential due to its focus on cryptographic tools, AI-based vulnerability detection, and system security, which could be applied to both civilian and military purposes. The participation of defense and security-focused partners, such as BAE Systems and the National Cyber Security Centre, further indicates potential military or dual-use applications. Additionally, the involvement of a public university in Malaysia, a non-EU country, raises export control concerns due to potential restrictions on the transfer of sensitive technologies to non-EU countries. The project's collaboration with Huawei Group, a company subject to export restrictions, also warrants a thorough export control review.",,,,,,
d80d7bf1e03eae56,llama3.3,34,SYR,Syrian Arab Republic,YES,"The project involves research on quantum communication networks, advanced optical fibre technologies, and non-terrestrial networks, including satellite and underwater networks, which may be subject to export controls due to their potential dual-use applications. Additionally, the project's focus on artificial intelligence, machine learning, and reconfigurable intelligent surfaces may also be controlled. The involvement of a project partner from the Syrian Arab Republic, a country subject to UK and international sanctions, further increases the likelihood of export control requirements. The project's potential military or surveillance applications, such as extracting sensing information from networks, also warrant a thorough export control review.",,,,,,
91020683b84e6d7e,gemini2.5,18,WSM,Samoa,YES,The project involves the development and use,,,,,,
f9cb98a22a13369d,llama3.3,10,BEL,Belgium,NO,"The CyReSE project focuses on research software engineering for cyber security, specifically IoT attack mitigation and malware analysis, without producing restricted technologies. The project's aim is to support cyber security research, which suggests a non-military and non-dual-use application. The involvement of academic partners from the UK and a public university in Belgium, a country with similar export control regulations, further supports the conclusion that the project does not require export control review. The project's nature and partnerships indicate a low risk of controlled technologies being developed or transferred.",,,,,,
35ef7c50d4101078,gemini2.5,26,DEU,Germany,YES,The project involves developing novel distributed architectures,,,,,,
b5f327111a2829a9,chatgpt-4o,2,AND,Andorra,NO,"The project focuses on reducing carbon emissions in computer networks, which is a civilian application aimed at addressing climate change. The involvement of academic and commercial partners, including a public university in Andorra, does not inherently suggest military or dual-use technology concerns. The project's emphasis on telemetry and routing algorithms for environmental purposes does not typically fall under export control regulations.",,,,,,
d2180bacaf5adbdd,claude-sonnet-4,24,PRK,"Korea, Democratic People's Republic of",YES,"The project involves developing security protocols and countermeasures for trusted execution environments with hardware accelerators, which could constitute dual-use cryptographic and computer security technology under UK export controls. The collaboration with a public university in North Korea (DPRK) is particularly concerning, as DPRK is subject to comprehensive sanctions and export restrictions. Research on hardware security protocols and attack countermeasures could have military or surveillance applications if transferred to a sanctioned jurisdiction.",,,,,,
32ee8712d51b44ec,gemini2.5,6,BRB,Barbados,YES,"The project involves the development of """,,,,,,
51f7dce0759d2f47,qwen2.5,1,GRL,Greenland,YES,"The project involves the development of a quantum interface between neutral-atom quantum processors and superconducting circuits, which may include the transfer of quantum information (microwave photons) between these systems. This work could have implications for quantum computing technologies that are subject to export controls due to their potential military applications.",,,,,,
3755b5ab32317c6c,claude-sonnet-4,24,VEN,"Venezuela, Bolivarian Republic of",YES,"This project involves developing security protocols and countermeasures for trusted execution environments with hardware accelerators, which falls under dual-use cryptographic and computer security technology. The research includes formal modeling of security protocols and development of attack countermeasures, which are controlled under UK export regulations. Additionally, the collaboration with a Venezuelan university raises export control concerns given Venezuela's status under UK sanctions and export restrictions.",,,,,,
6f3070963604095f,claude-sonnet-4,2,LBY,Libya,YES,"The project involves telemetry solutions and networking technologies that could have dual-use applications in telecommunications infrastructure. The participation of a Libyan university as a project partner raises export control concerns, as Libya is subject to various UK export restrictions. The combination of advanced networking algorithms, telemetry capabilities, and international collaboration with a restricted jurisdiction requires export control review under UK regulations.",,,,,,
3fcc272f25bd0276,claude-sonnet-4,18,YEM,Yemen,YES,"The project involves cryptographic tools and AI-based vulnerability detection with explicit dual-use potential, which are controlled technologies under UK export regulations. The presence of defense contractors (BAE Systems, Thales, Roke Manor Research) and a partner university in Yemen (a country subject to export restrictions) creates additional export control concerns. The combination of controlled cryptographic research and international collaboration with a restricted jurisdiction requires export control review.",,,,,,
bbd6d7d075c17a1d,gemini2.5,2,SRB,Serbia,YES,The project involves collaboration with,,,,,,
75d51671ebdf8733,qwen2.5,24,CUB,Cuba,YES,"The project involves evaluating a new security protocol (TDISP) and developing an emulator for it, which may include research with potential military applications. Additionally, the involvement of a public university in Cuba may trigger export control due to the country being subject to U.S. sanctions.",,,,,,
d341d3bfc097e30f,qwen2.5,1,LAO,Lao People's Democratic Republic,YES,"The project involves developing a quantum interface between neutral-atom quantum processors and superconducting circuits, which may include the transfer of individual microwave photons. This work could have implications for quantum computing technologies, and given the involvement of a project partner in the Lao People's Democratic Republic, export controls may apply to ensure the technology does not violate export control laws.",,,,,,
8c62378a94488aec,qwen2.5,8,IRQ,Iraq,YES,"The project involves SONAR and underwater acoustic communication technologies, which are subject to export controls due to their potential military applications. Additionally, the involvement of NATO and Thales, along with a public university in Iraq, necessitates a review to ensure compliance with international export control regulations.",,,,,,
89be65d1073cc55c,gemini2.5,25,KIR,Kiribati,YES,The project focuses on the,,,,,,
ae36d81d8ddaaebf,llama3.3,2,MDA,"Moldova, Republic of",NO,"The project focuses on reducing carbon emissions in computer networks, which is a civilian application. The involvement of industry partners and international collaboration with a public university in Moldova does not inherently suggest a military or dual-use application. The project's abstract does not mention any controlled technologies, such as encryption, surveillance, or military-specific equipment, that would trigger export control review. The project's goals and partnerships suggest a focus on environmental sustainability and networking research, which is not typically subject to export controls.",,,,,,
573f82c5d6221065,qwen2.5,10,BLR,Belarus,YES,"The project involves the development of testbeds and research frameworks for cyber security, which could potentially support the creation of export-controlled technologies. The involvement of a public university in Belarus necessitates an export control review to ensure compliance with UK export control regulations.",,,,,,
d755438b22f6f3b5,qwen2.5,26,UZB,Uzbekistan,YES,"The project involves international collaboration with a public university in Uzbekistan, which requires export control review under UK regulations.",,,,,,
dd63367305c59e0b,gemini2.5,34,SVK,Slovakia,YES,The project involves research into multiple technologies,,,,,,
5fdb5ffead88bac3,chatgpt-4o,6,SVK,Slovakia,YES,"The project involves dynamic encryption and contextual key generation, which are technologies that can be subject to export control due to their potential military applications, especially in securing unmanned aerial vehicles and critical infrastructure. The collaboration with NASA JPL, a U.S. entity, further necessitates an export control review to ensure compliance with both UK and U.S. regulations. Additionally, the involvement of international partners increases the likelihood of export control considerations.",,,,,,
f2bd4e27e62a18bc,gemini2.5,23,BRB,Barbados,NO,The project focuses on developing a,,,,,,
64e466159cc670c6,chatgpt-4o,26,AUS,Australia,NO,"The project focuses on developing a decentralized learning architecture for AI/ML at scale, leveraging existing technologies like AI/ML accelerators and 5G/6G networks. It does not explicitly involve controlled technologies or sensitive data that would typically trigger export control concerns. The collaboration with international partners, including a public university in Australia, does not inherently imply the transfer of controlled technology or information.",,,,,,
7994919feb3e7fed,gemini2.5,34,KOR,"Korea, Republic of",YES,The project involves research and development of several,,,,,,
b033caacf2019342,chatgpt-4o,34,CPV,Cabo Verde,YES,"The project involves research on advanced communication technologies, including quantum communication networks, AI, and ML, which are areas of interest for export control due to their potential dual-use applications. The integration of non-terrestrial networks, such as satellite and underwater networks, and the development of protocols for seamless end-to-end connections across various RF networks, including emerging 6G and terahertz spectrum, further necessitate an export control review. These technologies could have significant implications for national security and are likely subject to export control regulations.",,,,,,
92e5a040acbd8497,llama3.3,18,BEL,Belgium,YES,"The project involves dual-use potential due to its focus on cryptographic tools, AI-based vulnerability detection, and system security, which could be applied to both civilian and military purposes. The participation of defense and security-focused partners, such as BAE Systems and the National Cyber Security Centre, further indicates potential military or dual-use applications. Additionally, the involvement of international partners, including a public university in Belgium, may trigger export control requirements. The project's collaboration with companies like Huawei, which has been subject to export control restrictions, also warrants a thorough export control review.",,,,,,
ba9132979a45fe3c,qwen2.5,27,UZB,Uzbekistan,YES,"The project involves research on novel semiconductors, including metal halides, chalcohalides, and other materials, which may have military applications due to their potential use in energy-harvesting devices. Additionally, the involvement of a public university in Uzbekistan necessitates an export control review to ensure compliance with UK export regulations.",,,,,,
f0043fb9d9952d39,claude-sonnet-4,18,IRN,"Iran, Islamic Republic of",YES,"The project involves cryptographic tools and AI-based vulnerability detection with explicit dual-use potential, which are controlled technologies under UK export regulations. The presence of defense contractors (BAE Systems, Thales, Roke Manor Research) and security-focused organizations indicates military/security applications. Most critically, collaboration with an Iranian university triggers export control requirements due to Iran's designation as a controlled destination under UK sanctions and export control regimes.",,,,,,
6982f00c11826aae,gemini2.5,34,LUX,Luxembourg,YES,The project involves research into multiple dual,,,,,,
61b8a7ea0643a1c9,chatgpt-4o,2,EGY,Egypt,YES,"The project involves international collaboration, including a partner in Egypt, which may trigger export control considerations due to the transfer of technology or technical data. Additionally, the involvement of advanced telemetry solutions and routing algorithms could fall under dual-use technology controls, especially if they have potential military applications or implications for national security.",,,,,,
2695ef8239bc45b1,claude-sonnet-4,1,VEN,"Venezuela, Bolivarian Republic of",YES,"This project involves quantum computing technology with neutral-atom quantum processors and superconducting circuits, which falls under dual-use quantum technologies subject to UK export controls. The collaboration with a Venezuelan university raises additional export control concerns, as Venezuela is subject to various international sanctions and export restrictions. The quantum networking and interface technologies described could have strategic applications beyond civilian research.",,,,,,
1fe5e0211a6a5354,llama3.3,10,ALA,Åland Islands,NO,"The CyReSE project focuses on research software engineering for cyber security, specifically IoT attack mitigation and malware analysis, without producing restricted technologies. The project's goal is to support cyber security research, which is not inherently controlled. The involvement of a public university in the Åland Islands, an EU territory, does not introduce any apparent export control concerns. The project's nature and partnerships do not suggest the development or transfer of controlled technologies.",,,,,,
70067cb277065598,chatgpt-4o,27,ETH,Ethiopia,NO,"The research project focuses on fundamental scientific exploration of charge-lattice interactions in semiconductors for renewable energy applications, which is generally not subject to export control. The materials and techniques mentioned, such as semiconducting metal halides and advanced spectroscopic methods, are common in academic research and do not involve controlled technologies or information related to military or dual-use applications. Additionally, the project aims to advance understanding in the field of renewable energy, which is typically encouraged and not restricted by export controls.",,,,,,
00d14b2a3ff3fa5b,llama3.3,7,PER,Peru,NO,"The project focuses on improving the resilience and reliability of IoT-based sensing and control in energy systems, which is a civilian application. Although the project involves cyber-physical security aspects, its primary aim is to enhance the reliability of energy systems, not to develop controlled technologies such as military-grade encryption or surveillance systems. The collaboration with international partners, including a public university in Peru, does not inherently suggest the development of controlled items. The project's scope and applications do not indicate the involvement of dual-use items or technologies subject to export controls.",,,,,,
11cee97ee33fbcaa,chatgpt-4o,6,BLR,Belarus,YES,"The project involves dynamic encryption and contextual key generation, which are sensitive technologies potentially subject to export control due to their applications in unmanned aerial vehicles and critical infrastructure. The involvement of a Belarusian university as a project partner raises additional concerns, as Belarus is subject to specific export control restrictions by the UK. Collaboration with NASA JPL, a US entity, may also necessitate compliance with US export control regulations.",,,,,,
0347cce42a5a50ee,gemini2.5,8,GUY,Guyana,YES,The project involves the development of SON,,,,,,
ae982b33b91dfd28,gemini2.5,18,FRA,France,YES,The project involves the development,,,,,,
eaa49ccc456cd519,claude-sonnet-4,14,POL,Poland,NO,"This project focuses on energy-resilient sensor systems for civilian IoT applications (agriculture, home automation, healthcare) with no defense-specific or dual-use technology mentioned. The research involves standard energy harvesting and power management techniques for commercial sensor systems, which are not subject to export controls. The international collaboration with ETH Zurich and a Polish university involves standard academic research sharing that does not trigger UK export control requirements.",,,,,,
75a0c8ac3ec5e55e,claude-sonnet-4,26,MNE,Montenegro,YES,"This project involves advanced AI/ML technologies for distributed edge computing with international collaboration including Montenegro (a non-UK jurisdiction). The research focuses on decentralized learning architectures that could have dual-use applications in surveillance, communications, or military systems. The involvement of major technology companies (IBM, Nokia, Samsung) and the emphasis on 5G/6G technologies for knowledge sharing systems raises export control concerns under UK dual-use regulations.",,,,,,
abd11d30c9dc9011,gemini2.5,1,FRA,France,YES,"The project involves the ""development",,,,,,
aa423947adc23f5f,qwen2.5,34,IRQ,Iraq,YES,"The project involves research on optical fibre, radio frequency networks, and non-terrestrial networks, which may include satellite and underwater networks. Given the international collaboration with a public university in Iraq, this project requires export control review to ensure compliance with UK export control regulations.",,,,,,
e4e862839e2a3f71,gemini2.5,6,JPN,Japan,,.,,,,,,
2cde14a183540c66,chatgpt-4o,24,AFG,Afghanistan,YES,"The project involves the development and evaluation of security technologies related to Trusted Execution Environments (TEEs) and the PCIe Trusted Device Interface Security Protocol (TDISP), which are sensitive areas under export control regulations due to their potential military and dual-use applications. Additionally, the involvement of a partner in Afghanistan, a country subject to specific export control restrictions, further necessitates an export control review to ensure compliance with UK regulations.",,,,,,
d5be82ba81219e40,gemini2.5,26,NLD,Netherlands,YES,The project involves the development of novel,,,,,,
d986ec7ab885e7b5,claude-sonnet-4,25,BWA,Botswana,YES,"This project involves telecommunications infrastructure research with international collaboration (Botswana partner) and focuses on 5G/6G network technologies, which are subject to UK export controls under dual-use regulations. The federated experimental platform for advanced communications research, particularly involving next-generation mobile networks and AI/ML capabilities, falls within controlled telecommunications technology categories. The international partnership component requires export control assessment to ensure compliance with technology transfer restrictions.",,,,,,
a7eca4e4466da303,qwen2.5,23,LAO,Lao People's Democratic Republic,NO,"The project focuses on behavioral and social aspects of energy management using computational systems inspired by bee communication, which does not involve controlled technologies or sensitive information under UK export control regulations. The collaboration with a public university in Laos does not trigger export control concerns given the nature of the research.",,,,,,
a4f3bb33db433fb0,chatgpt-4o,27,COL,Colombia,NO,"The research project focuses on fundamental scientific exploration of charge-lattice interactions in semiconductors for renewable energy applications, which is generally not subject to export control. The materials and techniques mentioned, such as semiconducting metal halides and advanced spectroscopic methods, are common in academic research and do not inherently involve controlled technologies or information. Additionally, the project aims to advance understanding in the field of renewable energy, which typically does not fall under export control regulations.",,,,,,
8f65aa10bd98594d,llama3.3,27,CHL,Chile,NO,"The research project focuses on developing new semiconducting materials for renewable energy generation, specifically for solar energy conversion, and does not appear to involve any controlled technologies or dual-use items. The project's goals and methods, including the use of advanced spectroscopic and structural techniques, are consistent with fundamental scientific research in materials science and physics. The collaboration with international partners, including universities and research institutions, is also typical of academic research and does not raise any export control concerns. The project's application is solely for civilian purposes, aiming to contribute to the development of sustainable energy solutions.",,,,,,
f991683cd9908c56,qwen2.5,7,IRL,Ireland,YES,"The project involves IoT-based sensing and control in energy systems, which may include cyber-physical systems. Such systems often fall under export control regulations due to potential military applications and the risk of cyber-physical attacks.",,,,,,
088e3c07aa26628e,chatgpt-4o,12,ARE,United Arab Emirates,NO,"The project focuses on sustainable design frameworks for ICT innovation with an emphasis on carbon emission reduction and responsible innovation, without specific mention of defense or dual-use technologies. The involvement of a public university in the UAE does not inherently imply export control concerns, as the project does not involve controlled technologies or sensitive information.",,,,,,
77925eccfede4584,chatgpt-4o,18,SYR,Syrian Arab Republic,YES,"The project involves research in cyber security, which includes cryptographic tools and AI-based vulnerability detection, both of which have dual-use potential. The involvement of defense and security-focused partners, such as BAE Systems and Thales Ltd, further indicates the potential for military applications. Additionally, the collaboration with a public university in the Syrian Arab Republic, a country subject to UK export controls, necessitates an export control review.",,,,,,
b7f332259abc8ad9,llama3.3,27,ARG,Argentina,NO,"The research project focuses on developing new semiconducting materials for renewable energy generation, specifically for solar energy conversion, and does not appear to involve any controlled technologies or dual-use items. The project's goals and methods, including the use of advanced spectroscopic and structural techniques, are consistent with fundamental scientific research in materials science and physics. The collaboration with international partners, including universities and research institutions, is also typical of academic research and does not raise any export control concerns. The project's application is solely for civilian purposes, aiming to contribute to the development of sustainable energy solutions.",,,,,,
fe83ee9359a7b7f8,chatgpt-4o,34,SEN,Senegal,YES,"The project involves research on advanced communication technologies, including quantum communication networks and non-terrestrial networks, which are areas of interest for export control due to their potential dual-use applications. The integration of AI and ML for network optimization and the development of protocols for seamless connectivity across various RF networks, including emerging technologies like terahertz and optical spectrum, further necessitate an export control review. Additionally, the involvement of a foreign partner from Senegal may require compliance with international collaboration regulations.",,,,,,
d479e3d830ef21d2,qwen2.5,25,VAT,Holy See (Vatican City State),NO,"The project does not involve any dual-use items, technologies, or information that fall under UK export control regulations. The research is focused on developing an open infrastructure for telecommunications research and does not include any controlled technologies or data.",,,,,,
d4f474b47426afbd,chatgpt-4o,8,PRK,"Korea, Democratic People's Republic of",YES,"The project involves developing underwater surveillance networks with security applications, which are likely to be subject to export controls due to their potential military and strategic uses. The involvement of SONAR and underwater acoustic communication technologies further suggests dual-use capabilities. Additionally, the partnership with NATO and Thales, both of which are associated with defense, and the inclusion of a partner from the Democratic People's Republic of Korea, a country subject to strict export controls, necessitate a review.",,,,,,
96c1f5e72ab6e8d0,qwen2.5,26,LAO,Lao People's Democratic Republic,YES,"The project involves the development of a distributed architecture for knowledge exchange in machine learning, which could potentially be used for Federated Learning or similar edge AI paradigms. Given the involvement of international partners and the potential for exporting technology that could be used in sensitive applications, export controls are required.",,,,,,
c89c8442bad4d80d,claude-sonnet-4,7,MAR,Morocco,NO,"This project focuses on general IoT sensing, control methods, and resilience techniques for energy systems, which are fundamental research areas not subject to export controls. While it involves international collaboration including Morocco, the research appears to be basic academic work on smart grid reliability and sensor fault mitigation rather than development of controlled dual-use technologies or military applications.",,,,,,
6a678855670ba111,claude-sonnet-4,27,AZE,Azerbaijan,NO,"This research focuses on fundamental materials science for renewable energy applications, specifically studying charge-lattice interactions in semiconductors for solar energy conversion. The work involves basic scientific research on material properties and characterization using spectroscopic techniques, without indication of dual-use technologies, military applications, or controlled materials/equipment. While the project includes international collaborations, the research appears to be purely academic in nature aimed at advancing clean energy technologies, which typically fall outside export control restrictions.",,,,,,
db32a65a07ebeb3a,llama3.3,7,TUV,Tuvalu,NO,"The project focuses on improving the resilience and reliability of IoT-based sensing and control in energy systems, which is a civilian application. The involvement of academic partners from the UK, Cyprus, and Tuvalu, as well as a private company, Sygensys, does not inherently suggest a military or dual-use purpose. The project's emphasis on smart grids, microgrids, and electric vehicle charging further supports its classification as a civilian project, and there is no indication of any controlled technologies or features that would require export control review.",,,,,,
08715f2eba8681f4,claude-sonnet-4,27,SJM,Svalbard and Jan Mayen,NO,"This research focuses on fundamental materials science for renewable energy applications, specifically studying charge-lattice interactions in semiconductors for solar energy conversion. The work involves basic scientific research on material properties and characterization using spectroscopic techniques, without indication of dual-use technologies, military applications, or controlled materials/equipment. While the project involves international collaboration, the research appears to be purely academic in nature aimed at advancing clean energy technology, which does not typically fall under export control restrictions.",,,,,,
49c030cc89e9e58e,llama3.3,2,ARG,Argentina,NO,"The project focuses on reducing carbon emissions in computer networks, which is a civilian application. The involvement of international partners, including a public university in Argentina, does not inherently imply a military or dual-use purpose. The project's goals and partners, including well-known industry players and academic institutions, suggest a research focus on environmental sustainability rather than military or controlled technologies. The absence of any explicit mention of controlled technologies, such as encryption, surveillance, or military-specific applications, further supports this conclusion.",,,,,,
f9805ae6719d83c8,llama3.3,1,IRN,"Iran, Islamic Republic of",YES,"The project involves the development of a prototype interface between neutral-atom quantum processors and superconducting circuits, which could potentially be used for quantum computing and networking applications. The involvement of a project partner from Iran, a country subject to certain export control restrictions, raises concerns about the potential for dual-use technology transfer. Additionally, the project's focus on quantum computing and networking may be considered sensitive from an export control perspective, as it could have implications for national security and defense. The project's potential for dual-use applications and international collaboration with a restricted country necessitate an export control review.",,,,,,
8affd87cae6afaea,gemini2.5,10,MKD,North Macedonia,YES,"The project involves ""cyber security,""",,,,,,
2ac796d264c184f6,gemini2.5,12,JPN,Japan,YES,The project involves collaboration with,,,,,,
0ed5d5c204da77c5,claude-sonnet-4,34,ERI,Eritrea,YES,"This project involves multiple controlled technologies including quantum communication networks, terahertz spectrum technologies, reconfigurable intelligent surfaces (RIS), and advanced AI/ML techniques for network optimization. The combination of quantum communications, advanced RF technologies operating in controlled frequency bands, and sophisticated AI systems for network control likely falls under UK dual-use export controls. Additionally, the involvement of a partner institution in Eritrea raises export control concerns given potential restrictions on technology transfer to certain jurisdictions.",,,,,,
3bc4c0ccbd25d991,llama3.3,24,ALA,Åland Islands,YES,"The project involves the development of security protocols and countermeasures for trusted execution environments, which could be considered dual-use technology. The collaboration with industry partners such as ARM, Microsoft, and nVIDIA, who are major players in the field of computer hardware and software, suggests that the research may have potential military or defense applications. Additionally, the project's focus on securing against ""strong adversaries"" implies that the research may be relevant to national security or defense interests. The involvement of a public university in the Åland Islands, an autonomous region of Finland, may also trigger export control considerations due to the international collaboration.",,,,,,
552b9377c6280bcf,gemini2.5,25,BRB,Barbados,YES,The project involves the development and,,,,,,
c6df93fa2818e582,chatgpt-4o,18,MLI,Mali,YES,"The project involves research in cyber security, cryptographic tools, and AI-based vulnerability detection, which are areas with dual-use potential, meaning they can be used for both civilian and military applications. The involvement of defense and security-focused partners, such as BAE Systems and the National Cyber Security Centre, further indicates the potential for controlled technology. Additionally, the inclusion of a partner from Mali, a country that may have different export control regulations, necessitates a review to ensure compliance with UK export control laws.",,,,,,
30048c2cdcebaf6e,claude-sonnet-4,34,PRK,"Korea, Democratic People's Republic of",YES,"The project involves quantum communication networks and advanced telecommunications technologies including 6G, terahertz spectrum, and reconfigurable intelligent surfaces, which fall under UK dual-use export controls. Additionally, the collaboration with a university in North Korea (Democratic People's Republic of Korea) raises significant export control concerns, as North Korea is subject to comprehensive sanctions and technology transfer restrictions under UK regulations.",,,,,,
1d524a002d37fe88,llama3.3,24,BEL,Belgium,YES,"The project involves the development of an emulator for the PCIe Trusted Device Interface Security Protocol (TDISP) and research on countermeasures against various software and hardware attacks, which may be related to dual-use technologies. The participation of industry partners such as ARM Ltd, Microsoft, and nVIDIA, who are major players in the development of secure computing technologies, suggests that the project may have potential military or dual-use applications. Additionally, the project's focus on securing trusted execution environments and developing countermeasures against strong adversaries may be of interest to export control authorities. The involvement of a public university in Belgium, an EU country, may also trigger export control review due to potential ITAR or dual-use concerns.",,,,,,
6b936d384e5c9644,chatgpt-4o,2,MAC,Macao,YES,"The project involves international collaboration, including a partner from Macao, which may raise concerns under UK export control regulations. The focus on telemetry solutions and routing algorithms could involve dual-use technology, particularly if the research includes advanced encryption or network security features. Additionally, collaboration with international partners like Intel and Yale University necessitates a review to ensure compliance with export control laws.",,,,,,
acdec3c0dcab4ed7,gemini2.5,25,MAR,Morocco,YES,The project involves research and development,,,,,,
198bcc83410f3b3c,llama3.3,18,MLT,Malta,YES,"The project involves dual-use potential due to its focus on cryptographic tools, AI-based vulnerability detection, and system security, which could be applied to both civilian and military contexts. The participation of defense and security-focused partners, such as BAE Systems and the National Cyber Security Centre, further suggests potential military or dual-use applications. Additionally, the involvement of international partners, including a public university in Malta, may trigger export control requirements due to the potential transfer of sensitive technologies or knowledge across borders. The project's collaboration with companies like Huawei, which has been subject to export control restrictions, also raises concerns.",,,,,,
b4453b2d572de989,gemini2.5,12,SPM,Saint Pierre and Miquelon,NO,The project focuses on high,,,,,,
6662744450850c44,gemini2.5,25,FLK,Falkland Islands (Malvinas),YES,The project involves the development and,,,,,,
176a1d30b3788a5f,qwen2.5,7,ZMB,Zambia,YES,"The project involves IoT-based sensing and control in interconnected energy systems, which can be relevant to dual-use technologies due to its potential applications in critical infrastructure protection and cybersecurity. Export control review is necessary to ensure compliance with regulations governing the transfer of such technologies, especially given the involvement of international partners.",,,,,,
2c2be8968a0905ce,chatgpt-4o,6,SYR,Syrian Arab Republic,YES,"The project involves dynamic encryption and contextual key generation, which are sensitive technologies potentially subject to export controls. The collaboration with a public university in the Syrian Arab Republic, a country subject to UK export restrictions, further necessitates an export control review to ensure compliance with regulations regarding the transfer of controlled technology.",,,,,,
a47a0d91b4ccc4e3,gemini2.5,12,LUX,Luxembourg,NO,The project focuses on high-,,,,,,
b7d0de03c53e6e28,llama3.3,14,TKL,Tokelau,NO,"The project focuses on energy-resilient sensor systems for civilian applications such as agriculture, home automation, and healthcare, with no indication of defense-specific or dual-use technology. The involvement of a public university in Tokelau, a territory with no known restrictions, does not inherently suggest a controlled activity. The collaboration with industry partners like ARM Ltd and ETH Zurich, reputable entities in their fields, further supports the conclusion that this project does not involve controlled technologies. The overall scope and partnerships suggest a civilian-use project without export control implications.",,,,,,
29d939add6144d35,claude-sonnet-4,1,AIA,Anguilla,YES,"This project involves quantum computing technology with neutral-atom quantum processors and superconducting circuits, which falls under UK export control regulations as quantum computing systems are dual-use technologies with potential military applications. The research specifically focuses on developing quantum interfaces and networking capabilities that could enhance quantum computing performance beyond current limits. Additionally, the involvement of a project partner in Anguilla (a UK overseas territory) may trigger additional export control considerations for technology transfer.",,,,,,
2eafabdcd489488c,gemini2.5,10,LAO,Lao People's Democratic Republic,YES,The project involves the development of,,,,,,
218a7cfad2224b7d,qwen2.5,34,SLE,Sierra Leone,YES,"The project involves research on optical fibre, radio frequency networks, and non-terrestrial networks, which may include satellite and underwater networks. These elements could potentially involve export-controlled technologies, especially given the international collaboration with a partner in Sierra Leone.",,,,,,
48c43249181b5a24,qwen2.5,25,SLB,Solomon Islands,NO,"The project does not involve any controlled technology, software, or data as defined by export control regulations. The partnership with a public university in Solomon Islands does not trigger export control requirements as it is not related to controlled items or technologies.",,,,,,
befa9d2e8f278d4e,chatgpt-4o,6,STP,Sao Tome and Principe,YES,"The project involves dynamic encryption and contextual key generation, which are technologies that can be subject to export control due to their potential military applications, especially in securing unmanned aerial vehicles and critical infrastructure. The collaboration with NASA JPL, a U.S. entity, further suggests the involvement of sensitive technology. Additionally, the international partnership with a university in Sao Tome and Principe may require scrutiny under export control regulations to ensure compliance with international security standards.",,,,,,
e9d7432fa591b144,chatgpt-4o,18,ESH,Western Sahara,YES,"The project involves research in cyber security, including cryptographic tools and AI-based vulnerability detection, which are areas with dual-use potential, meaning they can be used for both civilian and military applications. The involvement of defense and security-focused partners, such as BAE Systems and Thales Ltd, further indicates the potential for controlled technology. Additionally, the inclusion of a partner from Western Sahara, a region with complex geopolitical considerations, necessitates an export control review to ensure compliance with UK export regulations.",,,,,,
84019f8ddc00b5de,qwen2.5,34,SAU,Saudi Arabia,YES,"The project involves research on optical fibre, radio frequency networks, and non-terrestrial networks, which may include satellite and underwater networks. Given the international collaboration with a public university in Saudi Arabia, export control review is required to ensure compliance with UK export regulations.",,,,,,
c342e85e9666c538,llama3.3,23,SUR,Suriname,NO,"The project focuses on developing a computational system to optimize energy management in homes, inspired by bees' social organization and communication. The research involves studying energy use in homes, developing a prototype, and testing it through a web-based app, with no indication of involvement with controlled technologies, such as dual-use items or military-related equipment. The project partners are academic and industry organizations, with no apparent connection to defense or security sectors. The project's aim and methodology do not suggest any potential for export control concerns.",,,,,,
fd104ce75225ebb2,qwen2.5,1,ARG,Argentina,YES,"The project involves the development of advanced quantum computing technologies, specifically the interface between neutral-atom quantum processors and superconducting circuits, which could have dual-use applications in areas such as cryptography and military communications. Additionally, the involvement of an international partner in Argentina may trigger export control regulations due to the sensitive nature of the technology.",,,,,,
6180aac781d64038,claude-sonnet-4,1,YEM,Yemen,YES,"This project involves quantum computing technology with specific dual-use concerns. The research develops quantum interfaces and networking capabilities between different quantum computing platforms, which could have applications in quantum communications and cryptography. The involvement of a Yemeni university partner raises additional export control considerations, as Yemen is subject to various UK export restrictions. Quantum computing technologies, particularly those involving networking and interface capabilities, are typically subject to export control regulations due to their potential strategic applications.",,,,,,
f1ee4acfa75409d5,qwen2.5,34,LAO,Lao People's Democratic Republic,YES,"The project involves advanced research in quantum communication networks and reconfigurable intelligent surfaces (RIS), which may fall under UK export control regulations due to their potential dual-use applications in security and military contexts. Additionally, the involvement of a project partner from a country that may be subject to specific export controls further necessitates a review.",,,,,,
25bf6b5c7440254c,claude-sonnet-4,18,ASM,American Samoa,YES,"The project involves cryptographic tools and AI-based vulnerability detection with explicit dual-use potential, as stated in the abstract. Key defense contractors (BAE Systems, Thales, Roke Manor Research) and the National Cyber Security Centre are partners, indicating military/security applications. The presence of Huawei as a partner raises additional export control concerns given UK restrictions on this entity. The combination of controlled technologies (cryptography, AI security tools) with defense partnerships triggers export licensing requirements.",,,,,,
316978ca427b3f88,chatgpt-4o,1,RUS,Russian Federation,YES,"The project involves the development of a quantum interface between neutral-atom quantum processors and superconducting circuits, which are advanced technologies with potential dual-use applications, including military and intelligence uses. Additionally, the involvement of a project partner from the Russian Federation raises concerns due to current UK export control regulations and sanctions, which may restrict collaboration on sensitive technologies with entities in certain countries.",,,,,,
d6bfed04362f5663,chatgpt-4o,1,COM,Comoros,YES,"The project involves the development of a prototype interface between neutral-atom quantum processors and superconducting circuits, which are advanced quantum computing technologies. Such technologies are likely to be subject to export control due to their potential dual-use nature, as they can be applied in both civilian and military contexts. Additionally, the involvement of a partner from Comoros, a country that may not have stringent export control regulations, further necessitates a review to ensure compliance with UK export control laws.",,,,,,
b5e12d3e3490f756,gemini2.5,23,BLR,Belarus,YES,The project involves collaboration with,,,,,,
8a0a550bde254984,gemini2.5,7,KNA,Saint Kitts and Nevis,YES,The project develops technology for critical,,,,,,
