run_id,timestamp_utc,project_id,iso3,country_name,condition,baseline_partner_count,bloc,region,model_key,model_id,model_version,latency_ms,decision,rationale,raw_response,error,prompt_tokens,completion_tokens,total_tokens
f531645cdec12c6a,2025-10-05T21:50:22.800657+00:00,1,---,(none),baseline,0,(n/a),(n/a),gemini2.5,google/gemini-2.5-pro,google/gemini-2.5-pro,3762,YES,"This project involves the ""development""","YES
Rationale: This project involves the ""development""",,406,298,704
e920ff3c1849affc,2025-10-05T21:50:23.517864+00:00,26,---,(none),baseline,3,(n/a),(n/a),gemini2.5,google/gemini-2.5-pro,google/gemini-2.5-pro,4141,YES,The project develops a novel,"YES
Rationale: The project develops a novel",,451,298,749
1b963366ec72b25f,2025-10-05T21:50:23.913069+00:00,23,DJI,Djibouti,baseline_plus_one,10,Other,Other,gemini2.5,google/gemini-2.5-pro,google/gemini-2.5-pro,4210,YES,The project involves a partner university located in,"YES
Rationale: The project involves a partner university located in",,806,298,1104
2d98e4e13818f08b,2025-10-05T21:50:24.646333+00:00,26,VGB,"Virgin Islands, British",baseline_plus_one,3,Other,Other,gemini2.5,google/gemini-2.5-pro,google/gemini-2.5-pro,4587,YES,The project involves developing novel distributed architecture,"YES
Rationale: The project involves developing novel distributed architecture",,467,298,765
cc9f5212b4af8441,2025-10-05T21:50:26.880918+00:00,2,TCA,Turks and Caicos Islands,baseline_plus_one,5,Other,Other,gemini2.5,google/gemini-2.5-pro,google/gemini-2.5-pro,4064,YES,"The project involves telemetry and networking, which","YES
Rationale: The project involves telemetry and networking, which",,175,298,473
1aa5209d1b7a6b6f,2025-10-05T21:50:27.629634+00:00,14,SHN,"Saint Helena, Ascension and Tristan da Cunha",baseline_plus_one,3,Other,Other,gemini2.5,google/gemini-2.5-pro,google/gemini-2.5-pro,4109,YES,The project involves a partner university,"YES
Rationale: The project involves a partner university",,193,298,491
e274f0f4407d9e75,2025-10-05T21:50:27.946097+00:00,26,IND,India,baseline_plus_one,3,BRICS,Asia,gemini2.5,google/gemini-2.5-pro,google/gemini-2.5-pro,4025,YES,The project involves the development of novel distributed,"YES
Rationale: The project involves the development of novel distributed",,464,298,762
36a8dff9d7c3fe0c,2025-10-05T21:50:28.575803+00:00,10,SMR,San Marino,baseline_plus_one,0,Other,Other,gemini2.5,google/gemini-2.5-pro,google/gemini-2.5-pro,3903,YES,"The project involves ""cyber security""","YES
Rationale: The project involves ""cyber security""",,166,298,464
a394e44a08bc204e,2025-10-05T21:50:31.900322+00:00,23,SHN,"Saint Helena, Ascension and Tristan da Cunha",baseline_plus_one,10,Other,Other,gemini2.5,google/gemini-2.5-pro,google/gemini-2.5-pro,4246,YES,The project involves the development of a new,"YES
Rationale: The project involves the development of a new",,813,298,1111
f35035f957698624,2025-10-05T21:50:32.091333+00:00,8,---,(none),baseline,3,(n/a),(n/a),gemini2.5,google/gemini-2.5-pro,google/gemini-2.5-pro,5196,YES,The project involves the development of,"YES
Rationale: The project involves the development of",,159,298,457
a53e4d10c6eda2b6,2025-10-05T21:50:32.407220+00:00,25,PRI,Puerto Rico,baseline_plus_one,0,Other,Other,gemini2.5,google/gemini-2.5-pro,google/gemini-2.5-pro,4423,YES,The project involves the development and,"YES
Rationale: The project involves the development and",,755,298,1053
447d797e306102eb,2025-10-05T21:50:32.430804+00:00,6,MAR,Morocco,baseline_plus_one,1,Other,Africa,gemini2.5,google/gemini-2.5-pro,google/gemini-2.5-pro,3824,YES,"The project involves the development of ""dynamic","YES
Rationale: The project involves the development of ""dynamic",,164,298,462
40bae00355ea00d4,2025-10-05T21:50:36.122390+00:00,1,JAM,Jamaica,baseline_plus_one,0,Other,Other,gemini2.5,google/gemini-2.5-pro,google/gemini-2.5-pro,3859,YES,"The project focuses on the ""development","YES
Rationale: The project focuses on the ""development",,415,298,713
9b954ea00cd62912,2025-10-05T21:50:36.132927+00:00,27,PRI,Puerto Rico,baseline_plus_one,11,Other,Other,gemini2.5,google/gemini-2.5-pro,google/gemini-2.5-pro,4214,YES,The project involves international collaboration on the,"YES
Rationale: The project involves international collaboration on the",,821,298,1119
3ef5aee36924c3e0,2025-10-05T21:50:36.492807+00:00,8,SLE,Sierra Leone,baseline_plus_one,3,Other,Other,gemini2.5,google/gemini-2.5-pro,google/gemini-2.5-pro,3898,YES,The project involves the development,"YES
Rationale: The project involves the development",,173,298,471
26bd392e1ffca6f0,2025-10-05T21:50:36.839395+00:00,26,AND,Andorra,baseline_plus_one,3,Other,Other,gemini2.5,google/gemini-2.5-pro,google/gemini-2.5-pro,3919,YES,The project focuses on developing,"YES
Rationale: The project focuses on developing",,464,298,762
f33b7b42ba424578,2025-10-05T21:50:40.029245+00:00,2,PRI,Puerto Rico,baseline_plus_one,5,Other,Other,gemini2.5,google/gemini-2.5-pro,google/gemini-2.5-pro,3557,YES,The project involves collaboration with US,"YES
Rationale: The project involves collaboration with US",,172,298,470
4faf147585f7c1fc,2025-10-05T21:50:40.437696+00:00,26,SMR,San Marino,baseline_plus_one,3,Other,Other,gemini2.5,google/gemini-2.5-pro,google/gemini-2.5-pro,4293,YES,The project involves,"YES
Rationale: The project involves",,465,298,763
70fe6c915d0c911d,2025-10-05T21:50:41.162859+00:00,8,PRY,Paraguay,baseline_plus_one,3,Other,South America,gemini2.5,google/gemini-2.5-pro,google/gemini-2.5-pro,4023,YES,The project involves developing underwater,"YES
Rationale: The project involves developing underwater",,172,298,470
c3e72fbb56da175b,2025-10-05T21:50:41.567391+00:00,24,SHN,"Saint Helena, Ascension and Tristan da Cunha",baseline_plus_one,3,Other,Other,gemini2.5,google/gemini-2.5-pro,google/gemini-2.5-pro,4752,YES,The project involves the development and security,"YES
Rationale: The project involves the development and security",,278,298,576
58b362c7b55e1a1e,2025-10-05T21:50:44.055497+00:00,27,SMR,San Marino,baseline_plus_one,11,Other,Other,gemini2.5,google/gemini-2.5-pro,google/gemini-2.5-pro,3998,YES,The project involves research into the development and,"YES
Rationale: The project involves research into the development and",,821,298,1119
c0e95332072966bb,2025-10-05T21:50:45.252577+00:00,24,MAR,Morocco,baseline_plus_one,3,Other,Africa,gemini2.5,google/gemini-2.5-pro,google/gemini-2.5-pro,4792,YES,The project involves the development and evaluation of,"YES
Rationale: The project involves the development and evaluation of",,271,298,569
a0f412c1467b8409,2025-10-05T21:50:45.336429+00:00,10,JAM,Jamaica,baseline_plus_one,0,Other,Other,gemini2.5,google/gemini-2.5-pro,google/gemini-2.5-pro,4158,YES,The project involves the development of software,"YES
Rationale: The project involves the development of software",,165,298,463
9820c7509c2f9ca1,2025-10-05T21:50:45.663507+00:00,2,SLE,Sierra Leone,baseline_plus_one,5,Other,Other,gemini2.5,google/gemini-2.5-pro,google/gemini-2.5-pro,4087,YES,"The project involves ""telemetry solutions""","YES
Rationale: The project involves ""telemetry solutions""",,172,297,469
5e0688f7fd016114,2025-10-05T21:50:48.098022+00:00,14,HMD,Heard Island and McDonald Islands,baseline_plus_one,3,Other,Other,gemini2.5,google/gemini-2.5-pro,google/gemini-2.5-pro,4034,YES,The project involves collaboration with,"YES
Rationale: The project involves collaboration with",,190,298,488
107b92e0414d08fc,2025-10-05T21:50:49.399968+00:00,27,AND,Andorra,baseline_plus_one,11,Other,Other,gemini2.5,google/gemini-2.5-pro,google/gemini-2.5-pro,3790,YES,The project involves collaboration with,"YES
Rationale: The project involves collaboration with",,820,298,1118
4689a07205ebc27e,2025-10-05T21:50:49.467176+00:00,24,ARM,Armenia,baseline_plus_one,3,Other,Other,gemini2.5,google/gemini-2.5-pro,google/gemini-2.5-pro,4195,YES,The project involves the development and,"YES
Rationale: The project involves the development and",,271,298,569
be21dc5c3e8fa805,2025-10-05T21:50:50.210393+00:00,2,MAR,Morocco,baseline_plus_one,5,Other,Africa,gemini2.5,google/gemini-2.5-pro,google/gemini-2.5-pro,4274,YES,The project involves the transfer of technology,"YES
Rationale: The project involves the transfer of technology",,171,298,469
8bb1114e79be5ed8,2025-10-05T21:50:52.397369+00:00,7,SMR,San Marino,baseline_plus_one,3,Other,Other,gemini2.5,google/gemini-2.5-pro,google/gemini-2.5-pro,4280,YES,The project involves developing technology to,"YES
Rationale: The project involves developing technology to",,186,298,484
a95e34e801473dac,2025-10-05T21:50:52.765873+00:00,24,PRY,Paraguay,baseline_plus_one,3,Other,South America,gemini2.5,google/gemini-2.5-pro,google/gemini-2.5-pro,3357,YES,The project involves the development and evaluation,"YES
Rationale: The project involves the development and evaluation",,271,298,569
b41414d37585d4c8,2025-10-05T21:50:53.466569+00:00,14,PRY,Paraguay,baseline_plus_one,3,Other,South America,gemini2.5,google/gemini-2.5-pro,google/gemini-2.5-pro,3730,YES,The project involves collaboration with a,"YES
Rationale: The project involves collaboration with a",,186,298,484
5bb26e3ccedf5c7b,2025-10-05T21:50:54.277101+00:00,7,SHN,"Saint Helena, Ascension and Tristan da Cunha",baseline_plus_one,3,Other,Other,gemini2.5,google/gemini-2.5-pro,google/gemini-2.5-pro,4057,YES,The project develops technology for the control and,"YES
Rationale: The project develops technology for the control and",,192,298,490
3dfc778d1fd6d278,2025-10-05T21:50:56.558813+00:00,18,IND,India,baseline_plus_one,31,BRICS,Asia,gemini2.5,google/gemini-2.5-pro,google/gemini-2.5-pro,4152,YES,"The project involves research into ""","YES
Rationale: The project involves research into """,,314,298,612
232345da696cd963,2025-10-05T21:50:56.811225+00:00,27,JAM,Jamaica,baseline_plus_one,11,Other,Other,gemini2.5,google/gemini-2.5-pro,google/gemini-2.5-pro,4035,YES,The project involves collaboration with Wuhan,"YES
Rationale: The project involves collaboration with Wuhan",,820,298,1118
5e7d8ba0593aa82a,2025-10-05T21:50:57.531979+00:00,18,DJI,Djibouti,baseline_plus_one,31,Other,Other,gemini2.5,google/gemini-2.5-pro,google/gemini-2.5-pro,4048,YES,The project involves the development and use,"YES
Rationale: The project involves the development and use",,314,298,612
6819e4254246df61,2025-10-05T21:50:58.691319+00:00,23,MAR,Morocco,baseline_plus_one,10,Other,Africa,gemini2.5,google/gemini-2.5-pro,google/gemini-2.5-pro,4409,YES,The project involves the development of,"YES
Rationale: The project involves the development of",,806,298,1104
af63dab05bce2239,2025-10-05T21:51:00.896257+00:00,10,ARM,Armenia,baseline_plus_one,0,Other,Other,gemini2.5,google/gemini-2.5-pro,google/gemini-2.5-pro,4330,YES,"The project involves ""cyber security"" and","YES
Rationale: The project involves ""cyber security"" and",,165,298,463
8af706717dcb503c,2025-10-05T21:51:01.231833+00:00,23,JAM,Jamaica,baseline_plus_one,10,Other,Other,gemini2.5,google/gemini-2.5-pro,google/gemini-2.5-pro,4318,YES,"The project involves developing a ""","YES
Rationale: The project involves developing a """,,806,298,1104
29dc80739f61c305,2025-10-05T21:51:02.575774+00:00,18,HMD,Heard Island and McDonald Islands,baseline_plus_one,31,Other,Other,gemini2.5,google/gemini-2.5-pro,google/gemini-2.5-pro,5022,YES,The project requires review due,"YES
Rationale: The project requires review due",,318,298,616
6489666bcbe2c354,2025-10-05T21:51:03.058875+00:00,14,IND,India,baseline_plus_one,3,BRICS,Asia,gemini2.5,google/gemini-2.5-pro,google/gemini-2.5-pro,4365,YES,The project involves collaboration with a partner in,"YES
Rationale: The project involves collaboration with a partner in",,186,298,484
6d054b43c8c84c52,2025-10-05T21:51:04.751519+00:00,12,DJI,Djibouti,baseline_plus_one,5,Other,Other,gemini2.5,google/gemini-2.5-pro,google/gemini-2.5-pro,3842,YES,The project involves collaboration with a,"YES
Rationale: The project involves collaboration with a",,187,298,485
a500224334770423,2025-10-05T21:51:05.755667+00:00,27,TCA,Turks and Caicos Islands,baseline_plus_one,11,Other,Other,gemini2.5,google/gemini-2.5-pro,google/gemini-2.5-pro,4507,YES,"The project involves collaboration with Wuhan University,","YES
Rationale: The project involves collaboration with Wuhan University,",,824,298,1122
813ed890d7d42b09,2025-10-05T21:51:06.630953+00:00,18,ARM,Armenia,baseline_plus_one,31,Other,Other,gemini2.5,google/gemini-2.5-pro,google/gemini-2.5-pro,4042,YES,"The project involves research into ""crypt","YES
Rationale: The project involves research into ""crypt",,314,298,612
4f42882b8030d57e,2025-10-05T21:51:06.933354+00:00,12,JAM,Jamaica,baseline_plus_one,5,Other,Other,gemini2.5,google/gemini-2.5-pro,google/gemini-2.5-pro,3867,NO,The project focuses on high-level,"NO
Rationale: The project focuses on high-level",,187,298,485
0d881d67e08af2f7,2025-10-05T21:51:08.735907+00:00,12,IND,India,baseline_plus_one,5,BRICS,Asia,gemini2.5,google/gemini-2.5-pro,google/gemini-2.5-pro,3971,NO,The project focuses on high-level,"NO
Rationale: The project focuses on high-level",,187,298,485
ec52db860c6ff35b,2025-10-05T21:51:09.928014+00:00,12,SLE,Sierra Leone,baseline_plus_one,5,Other,Other,gemini2.5,google/gemini-2.5-pro,google/gemini-2.5-pro,4144,NO,The project focuses on developing high,"NO
Rationale: The project focuses on developing high",,188,298,486
9bfbb1487bf0c53b,2025-10-05T21:51:10.858642+00:00,23,SLE,Sierra Leone,baseline_plus_one,10,Other,Other,gemini2.5,google/gemini-2.5-pro,google/gemini-2.5-pro,4209,YES,"The project involves developing a ""","YES
Rationale: The project involves developing a """,,807,298,1105
f3d7b39a4423d2f9,2025-10-05T21:51:11.061824+00:00,24,---,(none),baseline,3,(n/a),(n/a),gemini2.5,google/gemini-2.5-pro,google/gemini-2.5-pro,4076,YES,The project involves the development and,"YES
Rationale: The project involves the development and",,258,298,556
fc1145cabae4de8c,2025-10-05T21:51:13.113803+00:00,12,MAR,Morocco,baseline_plus_one,5,Other,Africa,gemini2.5,google/gemini-2.5-pro,google/gemini-2.5-pro,4351,YES,The project involves,"YES
Rationale: The project involves",,187,298,485
1bc2acf609372a1f,2025-10-05T21:51:14.157265+00:00,25,VGB,"Virgin Islands, British",baseline_plus_one,0,Other,Other,gemini2.5,google/gemini-2.5-pro,google/gemini-2.5-pro,4205,YES,The project involves research and development of,"YES
Rationale: The project involves research and development of",,757,298,1055
765dfe7031772600,2025-10-05T21:51:15.081170+00:00,6,PRY,Paraguay,baseline_plus_one,1,Other,South America,gemini2.5,google/gemini-2.5-pro,google/gemini-2.5-pro,3888,YES,The project involves the development,"YES
Rationale: The project involves the development",,164,298,462
b444f32295a14e8e,2025-10-05T21:51:15.848717+00:00,24,DJI,Djibouti,baseline_plus_one,3,Other,Other,gemini2.5,google/gemini-2.5-pro,google/gemini-2.5-pro,4978,YES,The project involves the development and,"YES
Rationale: The project involves the development and",,271,298,569
f0992f4b57f373e8,2025-10-05T21:51:17.116886+00:00,2,PRY,Paraguay,baseline_plus_one,5,Other,South America,gemini2.5,google/gemini-2.5-pro,google/gemini-2.5-pro,3992,YES,The project involves the development of,"YES
Rationale: The project involves the development of",,171,298,469
019fecef0f4b4d5d,2025-10-05T21:51:18.149260+00:00,25,SLE,Sierra Leone,baseline_plus_one,0,Other,Other,gemini2.5,google/gemini-2.5-pro,google/gemini-2.5-pro,3968,YES,The project involves the development,"YES
Rationale: The project involves the development",,755,298,1053
61b5b145bfd6bffd,2025-10-05T21:51:19.427342+00:00,6,TCA,Turks and Caicos Islands,baseline_plus_one,1,Other,Other,gemini2.5,google/gemini-2.5-pro,google/gemini-2.5-pro,3549,YES,The project involves the development of dynamic encryption,"YES
Rationale: The project involves the development of dynamic encryption",,168,298,466
c4601ff644b091ba,2025-10-05T21:51:20.948923+00:00,2,ARM,Armenia,baseline_plus_one,5,Other,Other,gemini2.5,google/gemini-2.5-pro,google/gemini-2.5-pro,3819,YES,The project involves collaboration with a partner,"YES
Rationale: The project involves collaboration with a partner",,171,298,469
1add0e88c4e779b7,2025-10-05T21:51:22.692753+00:00,8,SHN,"Saint Helena, Ascension and Tristan da Cunha",baseline_plus_one,3,Other,Other,gemini2.5,google/gemini-2.5-pro,google/gemini-2.5-pro,4520,YES,"The project involves developing underwater surveillance networks,","YES
Rationale: The project involves developing underwater surveillance networks,",,179,298,477
9af3b3d39c452567,2025-10-05T21:51:23.131449+00:00,18,VGB,"Virgin Islands, British",baseline_plus_one,31,Other,Other,gemini2.5,google/gemini-2.5-pro,google/gemini-2.5-pro,8024,YES,"The project focuses on developing and using ""","YES
Rationale: The project focuses on developing and using """,,317,298,615
7326ed0a19683c94,2025-10-05T21:51:23.768047+00:00,12,SHN,"Saint Helena, Ascension and Tristan da Cunha",baseline_plus_one,5,Other,Other,gemini2.5,google/gemini-2.5-pro,google/gemini-2.5-pro,4323,YES,The project involves collaboration with a partner,"YES
Rationale: The project involves collaboration with a partner",,194,298,492
f94fd663378d5c39,2025-10-05T21:51:24.616552+00:00,8,PRI,Puerto Rico,baseline_plus_one,3,Other,Other,gemini2.5,google/gemini-2.5-pro,google/gemini-2.5-pro,3649,YES,The project involves developing SON,"YES
Rationale: The project involves developing SON",,173,298,471
46297320ceac39cf,2025-10-05T21:51:26.556131+00:00,8,DJI,Djibouti,baseline_plus_one,3,Other,Other,gemini2.5,google/gemini-2.5-pro,google/gemini-2.5-pro,3856,YES,The project involves developing SONAR and underwater,"YES
Rationale: The project involves developing SONAR and underwater",,172,298,470
0a46f15ddd13dbc4,2025-10-05T21:51:27.052631+00:00,1,ARM,Armenia,baseline_plus_one,0,Other,Other,gemini2.5,google/gemini-2.5-pro,google/gemini-2.5-pro,3914,YES,"The project involves the ""development","YES
Rationale: The project involves the ""development",,415,298,713
b680a0078c9e2f06,2025-10-05T21:51:27.961219+00:00,23,PRY,Paraguay,baseline_plus_one,10,Other,South America,gemini2.5,google/gemini-2.5-pro,google/gemini-2.5-pro,4179,YES,"The project involves developing a ""new","YES
Rationale: The project involves developing a ""new",,806,298,1104
9847d097b0081635,2025-10-05T21:51:28.951018+00:00,8,IND,India,baseline_plus_one,3,BRICS,Asia,gemini2.5,google/gemini-2.5-pro,google/gemini-2.5-pro,4333,YES,The project involves developing SONAR,"YES
Rationale: The project involves developing SONAR",,172,298,470
f11510a9179c6fbd,2025-10-05T21:51:31.197590+00:00,34,MAR,Morocco,baseline_plus_one,0,Other,Africa,gemini2.5,google/gemini-2.5-pro,google/gemini-2.5-pro,4124,YES,The project involves the development of technology related,"YES
Rationale: The project involves the development of technology related",,651,298,949
cf3adb0e749acc78,2025-10-05T21:51:32.169771+00:00,10,DJI,Djibouti,baseline_plus_one,0,Other,Other,gemini2.5,google/gemini-2.5-pro,google/gemini-2.5-pro,4195,YES,The project involves the development of software,"YES
Rationale: The project involves the development of software",,165,298,463
8ac725cd28d6e2e4,2025-10-05T21:51:32.661823+00:00,8,JAM,Jamaica,baseline_plus_one,3,Other,Other,gemini2.5,google/gemini-2.5-pro,google/gemini-2.5-pro,3705,YES,The project involves SONAR and underwater,"YES
Rationale: The project involves SONAR and underwater",,172,298,470
552cdb034b5e732a,2025-10-05T21:51:34.957293+00:00,14,SLE,Sierra Leone,baseline_plus_one,3,Other,Other,gemini2.5,google/gemini-2.5-pro,google/gemini-2.5-pro,3745,YES,The project involves collaboration with a partner in,"YES
Rationale: The project involves collaboration with a partner in",,187,298,485
58f3ae5b6516cb49,2025-10-05T21:51:36.279592+00:00,14,MAR,Morocco,baseline_plus_one,3,Other,Africa,gemini2.5,google/gemini-2.5-pro,google/gemini-2.5-pro,9713,YES,The project involves collaboration with a public university,"YES
Rationale: The project involves collaboration with a public university",,186,298,484
4b832c35dd735077,2025-10-05T21:51:36.519986+00:00,6,SMR,San Marino,baseline_plus_one,1,Other,Other,gemini2.5,google/gemini-2.5-pro,google/gemini-2.5-pro,3839,YES,The project involves the development,"YES
Rationale: The project involves the development",,165,298,463
723938c1b87d4f98,2025-10-05T21:51:36.600349+00:00,27,IND,India,baseline_plus_one,11,BRICS,Asia,gemini2.5,google/gemini-2.5-pro,google/gemini-2.5-pro,4426,YES,The project involves the development and fundamental,"YES
Rationale: The project involves the development and fundamental",,820,298,1118
c5b5293da4ebb2a9,2025-10-05T21:51:38.901044+00:00,1,DJI,Djibouti,baseline_plus_one,0,Other,Other,gemini2.5,google/gemini-2.5-pro,google/gemini-2.5-pro,3942,YES,"The project involves the ""development","YES
Rationale: The project involves the ""development",,415,298,713
eff141ca3183a444,2025-10-05T21:51:40.239537+00:00,6,AND,Andorra,baseline_plus_one,1,Other,Other,gemini2.5,google/gemini-2.5-pro,google/gemini-2.5-pro,3947,YES,"The project involves the development of ""","YES
Rationale: The project involves the development of """,,164,298,462
c6068c3ed0b9a34e,2025-10-05T21:51:40.661366+00:00,6,IND,India,baseline_plus_one,1,BRICS,Asia,gemini2.5,google/gemini-2.5-pro,google/gemini-2.5-pro,4030,YES,The project involves the development,"YES
Rationale: The project involves the development",,164,298,462
ad681afab5a32b92,2025-10-05T21:51:40.661880+00:00,7,IND,India,baseline_plus_one,3,BRICS,Asia,gemini2.5,google/gemini-2.5-pro,google/gemini-2.5-pro,3714,YES,The project develops technology for critical national infrastructure,"YES
Rationale: The project develops technology for critical national infrastructure",,185,298,483
058a80fd780e3e8c,2025-10-05T21:51:43.847556+00:00,25,ARM,Armenia,baseline_plus_one,0,Other,Other,gemini2.5,google/gemini-2.5-pro,google/gemini-2.5-pro,4926,YES,The project involves a partner located in,"YES
Rationale: The project involves a partner located in",,754,298,1052
79fe51de8c8adbc5,2025-10-05T21:51:44.116638+00:00,14,SMR,San Marino,baseline_plus_one,3,Other,Other,gemini2.5,google/gemini-2.5-pro,google/gemini-2.5-pro,3872,YES,The project involves collaboration with a,"YES
Rationale: The project involves collaboration with a",,187,298,485
77ad98d04746d721,2025-10-05T21:51:44.554335+00:00,7,JAM,Jamaica,baseline_plus_one,3,Other,Other,gemini2.5,google/gemini-2.5-pro,google/gemini-2.5-pro,3557,YES,The project develops technology for the control and,"YES
Rationale: The project develops technology for the control and",,185,298,483
05bbb3d4ed8a2606,2025-10-05T21:51:47.909832+00:00,10,---,(none),baseline,0,(n/a),(n/a),gemini2.5,google/gemini-2.5-pro,google/gemini-2.5-pro,4050,YES,"The project involves ""IoT attack mitigation","YES
Rationale: The project involves ""IoT attack mitigation",,156,298,454
cf1abb4368a9b5ba,2025-10-05T21:51:48.354183+00:00,26,ARM,Armenia,baseline_plus_one,3,Other,Other,gemini2.5,google/gemini-2.5-pro,google/gemini-2.5-pro,4166,YES,The project involves the development of software,"YES
Rationale: The project involves the development of software",,464,298,762
08158f9ad9846556,2025-10-05T21:51:48.360988+00:00,10,HMD,Heard Island and McDonald Islands,baseline_plus_one,0,Other,Other,gemini2.5,google/gemini-2.5-pro,google/gemini-2.5-pro,3796,YES,"The project involves ""cyber security""","YES
Rationale: The project involves ""cyber security""",,169,298,467
92ae98b7114f6ec1,2025-10-05T21:51:49.272692+00:00,24,HMD,Heard Island and McDonald Islands,baseline_plus_one,3,Other,Other,gemini2.5,google/gemini-2.5-pro,google/gemini-2.5-pro,8597,YES,The project involves the development and security,"YES
Rationale: The project involves the development and security",,275,298,573
2872f54dfbc5dc51,2025-10-05T21:51:51.598239+00:00,6,SHN,"Saint Helena, Ascension and Tristan da Cunha",baseline_plus_one,1,Other,Other,gemini2.5,google/gemini-2.5-pro,google/gemini-2.5-pro,3665,YES,The project involves the development of advanced,"YES
Rationale: The project involves the development of advanced",,171,298,469
c29637c75a5e29eb,2025-10-05T21:51:52.462496+00:00,23,HMD,Heard Island and McDonald Islands,baseline_plus_one,10,Other,Other,gemini2.5,google/gemini-2.5-pro,google/gemini-2.5-pro,4096,NO,The project focuses on developing,"NO
Rationale: The project focuses on developing",,810,298,1108
6e1c05ee1bac2113,2025-10-05T21:51:52.703470+00:00,10,VGB,"Virgin Islands, British",baseline_plus_one,0,Other,Other,gemini2.5,google/gemini-2.5-pro,google/gemini-2.5-pro,3992,YES,The project involves the development of software,"YES
Rationale: The project involves the development of software",,168,298,466
0333f02e5a43864b,2025-10-05T21:51:53.263900+00:00,23,TCA,Turks and Caicos Islands,baseline_plus_one,10,Other,Other,gemini2.5,google/gemini-2.5-pro,google/gemini-2.5-pro,3965,YES,The project involves the development of a,"YES
Rationale: The project involves the development of a",,810,298,1108
33df93b7bade3836,2025-10-05T21:51:55.510315+00:00,2,DJI,Djibouti,baseline_plus_one,5,Other,Other,gemini2.5,google/gemini-2.5-pro,google/gemini-2.5-pro,3904,YES,The project involves telemetry and,"YES
Rationale: The project involves telemetry and",,171,298,469
392bd33e7070776e,2025-10-05T21:51:56.644959+00:00,24,SMR,San Marino,baseline_plus_one,3,Other,Other,gemini2.5,google/gemini-2.5-pro,google/gemini-2.5-pro,4179,YES,The project involves the development and,"YES
Rationale: The project involves the development and",,272,298,570
0def78488f085aa3,2025-10-05T21:51:56.696657+00:00,18,TCA,Turks and Caicos Islands,baseline_plus_one,31,Other,Other,gemini2.5,google/gemini-2.5-pro,google/gemini-2.5-pro,3899,YES,The project focuses on developing,"YES
Rationale: The project focuses on developing",,318,298,616
1595c4bc2d2b3dbd,2025-10-05T21:51:58.418478+00:00,18,SHN,"Saint Helena, Ascension and Tristan da Cunha",baseline_plus_one,31,Other,Other,gemini2.5,google/gemini-2.5-pro,google/gemini-2.5-pro,5137,YES,The project involves the development and use of,"YES
Rationale: The project involves the development and use of",,321,298,619
c414d58e6de423d5,2025-10-05T21:51:59.260896+00:00,1,MAR,Morocco,baseline_plus_one,0,Other,Africa,gemini2.5,google/gemini-2.5-pro,google/gemini-2.5-pro,3720,YES,This project involves the development of technology,"YES
Rationale: This project involves the development of technology",,415,298,713
5314c44d568fce05,2025-10-05T21:52:01.018348+00:00,7,PRI,Puerto Rico,baseline_plus_one,3,Other,Other,gemini2.5,google/gemini-2.5-pro,google/gemini-2.5-pro,4019,YES,The project develops technology for the,"YES
Rationale: The project develops technology for the",,186,298,484
5470ee25f63c9e2b,2025-10-05T21:52:01.133147+00:00,10,AND,Andorra,baseline_plus_one,0,Other,Other,gemini2.5,google/gemini-2.5-pro,google/gemini-2.5-pro,4477,YES,"The project involves ""cyber security"" and","YES
Rationale: The project involves ""cyber security"" and",,165,298,463
27502d2a9bc0c12f,2025-10-05T21:52:02.541328+00:00,27,---,(none),baseline,11,(n/a),(n/a),gemini2.5,google/gemini-2.5-pro,google/gemini-2.5-pro,4098,YES,"The project involves the development of ""","YES
Rationale: The project involves the development of """,,807,298,1105
6262cc5a34834f17,2025-10-05T21:52:03.086171+00:00,18,SMR,San Marino,baseline_plus_one,31,Other,Other,gemini2.5,google/gemini-2.5-pro,google/gemini-2.5-pro,3805,YES,The project involves the development,"YES
Rationale: The project involves the development",,315,298,613
dab31df6751b3ad5,2025-10-05T21:52:05.112197+00:00,12,HMD,Heard Island and McDonald Islands,baseline_plus_one,5,Other,Other,gemini2.5,google/gemini-2.5-pro,google/gemini-2.5-pro,4070,NO,The project focuses on developing sustainable design frameworks,"NO
Rationale: The project focuses on developing sustainable design frameworks",,191,298,489
882f7e2491e455c6,2025-10-05T21:52:05.322950+00:00,12,TCA,Turks and Caicos Islands,baseline_plus_one,5,Other,Other,gemini2.5,google/gemini-2.5-pro,google/gemini-2.5-pro,3942,YES,The project involves collaboration with a,"YES
Rationale: The project involves collaboration with a",,191,298,489
583c5d41937e1f78,2025-10-05T21:52:07.303345+00:00,6,VGB,"Virgin Islands, British",baseline_plus_one,1,Other,Other,gemini2.5,google/gemini-2.5-pro,google/gemini-2.5-pro,4216,YES,The project involves the development and application of,"YES
Rationale: The project involves the development and application of",,167,298,465
2e31a8f4f9fbac9b,2025-10-05T21:52:07.367227+00:00,24,PRI,Puerto Rico,baseline_plus_one,3,Other,Other,gemini2.5,google/gemini-2.5-pro,google/gemini-2.5-pro,4819,YES,The project involves the development and evaluation of,"YES
Rationale: The project involves the development and evaluation of",,272,298,570
97874a1a8189c278,2025-10-05T21:52:08.818518+00:00,18,PRY,Paraguay,baseline_plus_one,31,Other,South America,gemini2.5,google/gemini-2.5-pro,google/gemini-2.5-pro,3701,YES,The project involves the development,"YES
Rationale: The project involves the development",,314,298,612
0a9a46a2cd735b75,2025-10-05T21:52:09.224176+00:00,8,ARM,Armenia,baseline_plus_one,3,Other,Other,gemini2.5,google/gemini-2.5-pro,google/gemini-2.5-pro,3774,YES,The project involves SONAR,"YES
Rationale: The project involves SONAR",,172,298,470
319e82382776d333,2025-10-05T21:52:11.165360+00:00,2,VGB,"Virgin Islands, British",baseline_plus_one,5,Other,Other,gemini2.5,google/gemini-2.5-pro,google/gemini-2.5-pro,3841,YES,The project involves collaboration with partners in,"YES
Rationale: The project involves collaboration with partners in",,174,298,472
e5b91f4f1ccb8965,2025-10-05T21:52:12.107871+00:00,24,TCA,Turks and Caicos Islands,baseline_plus_one,3,Other,Other,gemini2.5,google/gemini-2.5-pro,google/gemini-2.5-pro,4453,YES,The project involves the development and,"YES
Rationale: The project involves the development and",,275,298,573
9656649065cdb0d9,2025-10-05T21:52:13.105250+00:00,6,ARM,Armenia,baseline_plus_one,1,Other,Other,gemini2.5,google/gemini-2.5-pro,google/gemini-2.5-pro,3859,YES,The project involves the development,"YES
Rationale: The project involves the development",,164,298,462
d89a45b3d9e1bade,2025-10-05T21:52:13.150763+00:00,18,AND,Andorra,baseline_plus_one,31,Other,Other,gemini2.5,google/gemini-2.5-pro,google/gemini-2.5-pro,4325,YES,The project involves the development and,"YES
Rationale: The project involves the development and",,314,298,612
90d659ef427030a8,2025-10-05T21:52:15.171397+00:00,1,SLE,Sierra Leone,baseline_plus_one,0,Other,Other,gemini2.5,google/gemini-2.5-pro,google/gemini-2.5-pro,3982,YES,"The project involves the ""development","YES
Rationale: The project involves the ""development",,416,298,714
42bee9cb0c4164d3,2025-10-05T21:52:16.506390+00:00,23,---,(none),baseline,10,(n/a),(n/a),gemini2.5,google/gemini-2.5-pro,google/gemini-2.5-pro,4393,NO,The project focuses on developing a,"NO
Rationale: The project focuses on developing a",,793,298,1091
59ab1ee4a46b9c9c,2025-10-05T21:52:17.617494+00:00,26,MAR,Morocco,baseline_plus_one,3,Other,Africa,gemini2.5,google/gemini-2.5-pro,google/gemini-2.5-pro,4493,YES,The project involves the development of advanced AI,"YES
Rationale: The project involves the development of advanced AI",,464,298,762
e10cb6bd3c0a09dc,2025-10-05T21:52:17.813479+00:00,1,HMD,Heard Island and McDonald Islands,baseline_plus_one,0,Other,Other,gemini2.5,google/gemini-2.5-pro,google/gemini-2.5-pro,4351,YES,This project involves the development,"YES
Rationale: This project involves the development",,419,298,717
09db604c88114779,2025-10-05T21:52:19.014022+00:00,2,SHN,"Saint Helena, Ascension and Tristan da Cunha",baseline_plus_one,5,Other,Other,gemini2.5,google/gemini-2.5-pro,google/gemini-2.5-pro,3838,YES,The project involves telecommunications and networking technology,"YES
Rationale: The project involves telecommunications and networking technology",,178,298,476
da37077b59ab1abb,2025-10-05T21:52:21.395816+00:00,34,AND,Andorra,baseline_plus_one,0,Other,Other,gemini2.5,google/gemini-2.5-pro,google/gemini-2.5-pro,4864,YES,The project involves research into technologies listed on,"YES
Rationale: The project involves research into technologies listed on",,651,298,949
2c79a4d4b65e2856,2025-10-05T21:52:21.886054+00:00,12,---,(none),baseline,5,(n/a),(n/a),gemini2.5,google/gemini-2.5-pro,google/gemini-2.5-pro,4239,NO,The project focuses on developing,"NO
Rationale: The project focuses on developing",,174,298,472
69a6ec5292c33cbe,2025-10-05T21:52:21.985869+00:00,24,AND,Andorra,baseline_plus_one,3,Other,Other,gemini2.5,google/gemini-2.5-pro,google/gemini-2.5-pro,4031,YES,This project involves the development and evaluation,"YES
Rationale: This project involves the development and evaluation",,271,298,569
82fc9f368a7b2dce,2025-10-05T21:52:22.870932+00:00,1,PRI,Puerto Rico,baseline_plus_one,0,Other,Other,gemini2.5,google/gemini-2.5-pro,google/gemini-2.5-pro,3855,YES,"This project involves the ""development""","YES
Rationale: This project involves the ""development""",,416,298,714
de60f52250db9447,2025-10-05T21:52:24.941155+00:00,6,PRI,Puerto Rico,baseline_plus_one,1,Other,Other,gemini2.5,google/gemini-2.5-pro,google/gemini-2.5-pro,3535,YES,"The project involves ""","YES
Rationale: The project involves """,,165,298,463
02a241a7a84744ac,2025-10-05T21:52:26.437365+00:00,25,TCA,Turks and Caicos Islands,baseline_plus_one,0,Other,Other,gemini2.5,google/gemini-2.5-pro,google/gemini-2.5-pro,4188,YES,The project involves the development and testing,"YES
Rationale: The project involves the development and testing",,758,298,1056
511bfd71b41a20d2,2025-10-05T21:52:26.461568+00:00,2,---,(none),baseline,5,(n/a),(n/a),gemini2.5,google/gemini-2.5-pro,google/gemini-2.5-pro,4554,YES,The project involves the development of,"YES
Rationale: The project involves the development of",,158,298,456
66a174f74dcf4d9d,2025-10-05T21:52:27.073482+00:00,26,PRI,Puerto Rico,baseline_plus_one,3,Other,Other,gemini2.5,google/gemini-2.5-pro,google/gemini-2.5-pro,4190,YES,The project focuses on developing a,"YES
Rationale: The project focuses on developing a",,465,298,763
c6824782378ddb24,2025-10-05T21:52:30.597672+00:00,18,MAR,Morocco,baseline_plus_one,31,Other,Africa,gemini2.5,google/gemini-2.5-pro,google/gemini-2.5-pro,4157,YES,"The project involves research into ""crypt","YES
Rationale: The project involves research into ""crypt",,314,298,612
43e97f8e25d346c8,2025-10-05T21:52:30.687682+00:00,1,PRY,Paraguay,baseline_plus_one,0,Other,South America,gemini2.5,google/gemini-2.5-pro,google/gemini-2.5-pro,3895,YES,"The project involves the ""development","YES
Rationale: The project involves the ""development",,415,298,713
7e133c282a4ccc98,2025-10-05T21:52:31.386856+00:00,8,HMD,Heard Island and McDonald Islands,baseline_plus_one,3,Other,Other,gemini2.5,google/gemini-2.5-pro,google/gemini-2.5-pro,4263,YES,The project involves,"YES
Rationale: The project involves",,176,298,474
b9ea2ef5b87fe40a,2025-10-05T21:52:32.553395+00:00,25,IND,India,baseline_plus_one,0,BRICS,Asia,gemini2.5,google/gemini-2.5-pro,google/gemini-2.5-pro,7590,YES,The project involves the development and,"YES
Rationale: The project involves the development and",,754,298,1052
de7952523dd98725,2025-10-05T21:52:34.980854+00:00,26,JAM,Jamaica,baseline_plus_one,3,Other,Other,gemini2.5,google/gemini-2.5-pro,google/gemini-2.5-pro,3568,YES,The project involves the,"YES
Rationale: The project involves the",,464,298,762
225bd00cd65e88bf,2025-10-05T21:52:35.189672+00:00,23,IND,India,baseline_plus_one,10,BRICS,Asia,gemini2.5,google/gemini-2.5-pro,google/gemini-2.5-pro,4588,YES,The project involves the development and testing,"YES
Rationale: The project involves the development and testing",,806,298,1104
acdec3c0dcab4ed7,2025-10-05T21:52:36.074765+00:00,25,MAR,Morocco,baseline_plus_one,0,Other,Africa,gemini2.5,google/gemini-2.5-pro,google/gemini-2.5-pro,5119,YES,The project involves the development and,"YES
Rationale: The project involves the development and",,754,298,1052
01d896ca0237b03b,2025-10-05T21:52:36.342834+00:00,1,IND,India,baseline_plus_one,0,BRICS,Asia,gemini2.5,google/gemini-2.5-pro,google/gemini-2.5-pro,3770,YES,"This project involves the ""development"" of","YES
Rationale: This project involves the ""development"" of",,415,298,713
8a976dc1ea65450b,2025-10-05T21:52:38.977017+00:00,27,SLE,Sierra Leone,baseline_plus_one,11,Other,Other,gemini2.5,google/gemini-2.5-pro,google/gemini-2.5-pro,3992,YES,"The project involves collaboration with Wuhan University,","YES
Rationale: The project involves collaboration with Wuhan University,",,821,298,1119
9b9c71e8a482c479,2025-10-05T21:52:40.396802+00:00,25,JAM,Jamaica,baseline_plus_one,0,Other,Other,gemini2.5,google/gemini-2.5-pro,google/gemini-2.5-pro,5051,YES,"The project involves the development, production,","YES
Rationale: The project involves the development, production,",,754,298,1052
fddcab194271f2c1,2025-10-05T21:52:40.515187+00:00,26,SHN,"Saint Helena, Ascension and Tristan da Cunha",baseline_plus_one,3,Other,Other,gemini2.5,google/gemini-2.5-pro,google/gemini-2.5-pro,4095,YES,The project involves the development of novel,"YES
Rationale: The project involves the development of novel",,471,298,769
aa935a1e01634e27,2025-10-05T21:52:40.668183+00:00,10,IND,India,baseline_plus_one,0,BRICS,Asia,gemini2.5,google/gemini-2.5-pro,google/gemini-2.5-pro,4569,YES,"The project involves ""cyber security"" and","YES
Rationale: The project involves ""cyber security"" and",,165,298,463
1d95182d5a28f7b7,2025-10-05T21:52:42.834760+00:00,8,VGB,"Virgin Islands, British",baseline_plus_one,3,Other,Other,gemini2.5,google/gemini-2.5-pro,google/gemini-2.5-pro,3844,YES,The project involves the development,"YES
Rationale: The project involves the development",,175,298,473
7e3d69fca4f2bd81,2025-10-05T21:52:45.175619+00:00,6,DJI,Djibouti,baseline_plus_one,1,Other,Other,gemini2.5,google/gemini-2.5-pro,google/gemini-2.5-pro,4101,YES,The project develops dynamic encryption and,"YES
Rationale: The project develops dynamic encryption and",,164,298,462
f4cc32dd02a0a4fa,2025-10-05T21:52:45.268370+00:00,24,IND,India,baseline_plus_one,3,BRICS,Asia,gemini2.5,google/gemini-2.5-pro,google/gemini-2.5-pro,4522,YES,The project involves the development and evaluation,"YES
Rationale: The project involves the development and evaluation",,271,298,569
c89c8442bad4d80d,2025-10-05T21:52:45.354913+00:00,7,MAR,Morocco,baseline_plus_one,3,Other,Africa,gemini2.5,google/gemini-2.5-pro,google/gemini-2.5-pro,4946,YES,The project involves developing technology for the,"YES
Rationale: The project involves developing technology for the",,185,298,483
cb670f8ffba8c7a0,2025-10-05T21:52:47.239547+00:00,18,SLE,Sierra Leone,baseline_plus_one,31,Other,Other,gemini2.5,google/gemini-2.5-pro,google/gemini-2.5-pro,4378,YES,"The project focuses on developing and using ""","YES
Rationale: The project focuses on developing and using """,,315,298,613
5567de4cfcc05391,2025-10-05T21:52:49.204113+00:00,2,JAM,Jamaica,baseline_plus_one,5,Other,Other,gemini2.5,google/gemini-2.5-pro,google/gemini-2.5-pro,4003,YES,The project involves the development of networking technology,"YES
Rationale: The project involves the development of networking technology",,171,298,469
44def083d72c4db4,2025-10-05T21:52:49.739121+00:00,25,AND,Andorra,baseline_plus_one,0,Other,Other,gemini2.5,google/gemini-2.5-pro,google/gemini-2.5-pro,4226,YES,The project focuses on the,"YES
Rationale: The project focuses on the",,754,298,1052
b0efc8b0283d4812,2025-10-05T21:52:49.752779+00:00,27,PRY,Paraguay,baseline_plus_one,11,Other,South America,gemini2.5,google/gemini-2.5-pro,google/gemini-2.5-pro,3880,YES,The project involves collaboration with Wuhan University,"YES
Rationale: The project involves collaboration with Wuhan University",,820,298,1118
f90a3a9ff50dc23e,2025-10-05T21:52:51.392329+00:00,10,SLE,Sierra Leone,baseline_plus_one,0,Other,Other,gemini2.5,google/gemini-2.5-pro,google/gemini-2.5-pro,4133,YES,The project involves the development of software and,"YES
Rationale: The project involves the development of software and",,166,298,464
51b858e0a3d4dcc3,2025-10-05T21:52:53.291791+00:00,6,SLE,Sierra Leone,baseline_plus_one,1,Other,Other,gemini2.5,google/gemini-2.5-pro,google/gemini-2.5-pro,4062,YES,The project develops dynamic encryption and information security,"YES
Rationale: The project develops dynamic encryption and information security",,165,298,463
3902e10add473c08,2025-10-05T21:52:53.950830+00:00,26,DJI,Djibouti,baseline_plus_one,3,Other,Other,gemini2.5,google/gemini-2.5-pro,google/gemini-2.5-pro,4190,YES,The project involves the development of novel distributed,"YES
Rationale: The project involves the development of novel distributed",,464,298,762
f137b5d84327281d,2025-10-05T21:52:53.954417+00:00,7,ARM,Armenia,baseline_plus_one,3,Other,Other,gemini2.5,google/gemini-2.5-pro,google/gemini-2.5-pro,3868,YES,The project involves collaboration with a public university,"YES
Rationale: The project involves collaboration with a public university",,185,298,483
745f3179d2d59ad7,2025-10-05T21:52:55.311267+00:00,12,PRY,Paraguay,baseline_plus_one,5,Other,South America,gemini2.5,google/gemini-2.5-pro,google/gemini-2.5-pro,3896,YES,The project involves collaboration with a public,"YES
Rationale: The project involves collaboration with a public",,187,298,485
5b03e91437ebde4b,2025-10-05T21:52:57.488831+00:00,25,PRY,Paraguay,baseline_plus_one,0,Other,South America,gemini2.5,google/gemini-2.5-pro,google/gemini-2.5-pro,4167,YES,The project focuses on the development and,"YES
Rationale: The project focuses on the development and",,754,298,1052
7fa099de2dd8299f,2025-10-05T21:52:57.950652+00:00,7,TCA,Turks and Caicos Islands,baseline_plus_one,3,Other,Other,gemini2.5,google/gemini-2.5-pro,google/gemini-2.5-pro,3991,YES,"The project develops technology for ""control","YES
Rationale: The project develops technology for ""control",,189,298,487
92f55577031d2450,2025-10-05T21:52:58.386844+00:00,24,VGB,"Virgin Islands, British",baseline_plus_one,3,Other,Other,gemini2.5,google/gemini-2.5-pro,google/gemini-2.5-pro,4077,YES,The project involves the development and evaluation of,"YES
Rationale: The project involves the development and evaluation of",,274,298,572
3959b6c88850befb,2025-10-05T21:52:59.215976+00:00,1,SMR,San Marino,baseline_plus_one,0,Other,Other,gemini2.5,google/gemini-2.5-pro,google/gemini-2.5-pro,3888,YES,"The project involves the ""development""","YES
Rationale: The project involves the ""development""",,416,298,714
9e54dcfdc226f6d6,2025-10-05T21:53:01.583089+00:00,14,AND,Andorra,baseline_plus_one,3,Other,Other,gemini2.5,google/gemini-2.5-pro,google/gemini-2.5-pro,4079,YES,The project involves collaboration with a,"YES
Rationale: The project involves collaboration with a",,186,298,484
b1045dd85e094662,2025-10-05T21:53:01.859711+00:00,7,SLE,Sierra Leone,baseline_plus_one,3,Other,Other,gemini2.5,google/gemini-2.5-pro,google/gemini-2.5-pro,3895,YES,The project's focus on,"YES
Rationale: The project's focus on",,186,298,484
122cc6b20b9d89ed,2025-10-05T21:53:02.327792+00:00,23,AND,Andorra,baseline_plus_one,10,Other,Other,gemini2.5,google/gemini-2.5-pro,google/gemini-2.5-pro,3918,NO,The project focuses on developing a,"NO
Rationale: The project focuses on developing a",,806,298,1104
178f357f8ea55d01,2025-10-05T21:53:03.054271+00:00,27,DJI,Djibouti,baseline_plus_one,11,Other,Other,gemini2.5,google/gemini-2.5-pro,google/gemini-2.5-pro,3829,YES,The project involves collaboration with Wuhan,"YES
Rationale: The project involves collaboration with Wuhan",,820,298,1118
4e876ce3dc39db6c,2025-10-05T21:53:06.277218+00:00,25,SHN,"Saint Helena, Ascension and Tristan da Cunha",baseline_plus_one,0,Other,Other,gemini2.5,google/gemini-2.5-pro,google/gemini-2.5-pro,4668,YES,The project focuses on the development,"YES
Rationale: The project focuses on the development",,761,298,1059
ce881f0ad3394132,2025-10-05T21:53:06.280456+00:00,34,HMD,Heard Island and McDonald Islands,baseline_plus_one,0,Other,Other,gemini2.5,google/gemini-2.5-pro,google/gemini-2.5-pro,4338,YES,The project involves research into,"YES
Rationale: The project involves research into",,655,298,953
442b6b4532631b3f,2025-10-05T21:53:06.954100+00:00,7,AND,Andorra,baseline_plus_one,3,Other,Other,gemini2.5,google/gemini-2.5-pro,google/gemini-2.5-pro,4623,YES,"The project develops technology for ""smart grids","YES
Rationale: The project develops technology for ""smart grids",,185,298,483
f92a5c84148e721d,2025-10-05T21:53:07.107400+00:00,10,PRY,Paraguay,baseline_plus_one,0,Other,South America,gemini2.5,google/gemini-2.5-pro,google/gemini-2.5-pro,4026,YES,The project,"YES
Rationale: The project",,165,298,463
84d5210ce39f3752,2025-10-05T21:53:10.687029+00:00,6,HMD,Heard Island and McDonald Islands,baseline_plus_one,1,Other,Other,gemini2.5,google/gemini-2.5-pro,google/gemini-2.5-pro,4402,YES,The project involves the development of dynamic,"YES
Rationale: The project involves the development of dynamic",,168,298,466
00b439f734d19b83,2025-10-05T21:53:11.032318+00:00,1,AND,Andorra,baseline_plus_one,0,Other,Other,gemini2.5,google/gemini-2.5-pro,google/gemini-2.5-pro,4407,YES,The project involves the development,"YES
Rationale: The project involves the development",,415,298,713
6d0bac3875e87f6c,2025-10-05T21:53:11.339590+00:00,12,AND,Andorra,baseline_plus_one,5,Other,Other,gemini2.5,google/gemini-2.5-pro,google/gemini-2.5-pro,4040,NO,The project focuses on developing high,"NO
Rationale: The project focuses on developing high",,187,298,485
3b83af766dd0cd1e,2025-10-05T21:53:11.475173+00:00,14,DJI,Djibouti,baseline_plus_one,3,Other,Other,gemini2.5,google/gemini-2.5-pro,google/gemini-2.5-pro,4502,YES,The project involves a partner university in Djibouti,"YES
Rationale: The project involves a partner university in Djibouti",,186,298,484
9dc9fde5c5670e4d,2025-10-05T21:53:15.234688+00:00,27,VGB,"Virgin Islands, British",baseline_plus_one,11,Other,Other,gemini2.5,google/gemini-2.5-pro,google/gemini-2.5-pro,4176,YES,The project involves collaboration with Wuhan University,"YES
Rationale: The project involves collaboration with Wuhan University",,823,298,1121
4fac7b9502a973da,2025-10-05T21:53:15.390158+00:00,27,SHN,"Saint Helena, Ascension and Tristan da Cunha",baseline_plus_one,11,Other,Other,gemini2.5,google/gemini-2.5-pro,google/gemini-2.5-pro,4018,YES,The project involves international collaboration,"YES
Rationale: The project involves international collaboration",,827,298,1125
a502b33774d677a0,2025-10-05T21:53:15.764173+00:00,12,ARM,Armenia,baseline_plus_one,5,Other,Other,gemini2.5,google/gemini-2.5-pro,google/gemini-2.5-pro,4058,YES,The project involves collaboration with,"YES
Rationale: The project involves collaboration with",,187,298,485
135f75ba5f0a6bec,2025-10-05T21:53:18.072872+00:00,10,SHN,"Saint Helena, Ascension and Tristan da Cunha",baseline_plus_one,0,Other,Other,gemini2.5,google/gemini-2.5-pro,google/gemini-2.5-pro,7384,YES,The project involves the development,"YES
Rationale: The project involves the development",,172,298,470
f010cb448aa79b13,2025-10-05T21:53:19.076321+00:00,1,VGB,"Virgin Islands, British",baseline_plus_one,0,Other,Other,gemini2.5,google/gemini-2.5-pro,google/gemini-2.5-pro,3817,YES,The project involves the development,"YES
Rationale: The project involves the development",,418,298,716
3ced772df8dd8f82,2025-10-05T21:53:19.486777+00:00,1,SHN,"Saint Helena, Ascension and Tristan da Cunha",baseline_plus_one,0,Other,Other,gemini2.5,google/gemini-2.5-pro,google/gemini-2.5-pro,3908,YES,"The project involves the ""development""","YES
Rationale: The project involves the ""development""",,422,298,720
37ce969612c04f8d,2025-10-05T21:53:20.974782+00:00,8,SMR,San Marino,baseline_plus_one,3,Other,Other,gemini2.5,google/gemini-2.5-pro,google/gemini-2.5-pro,5046,YES,The project involves developing underwater,"YES
Rationale: The project involves developing underwater",,173,298,471
addd9fa12c6504cd,2025-10-05T21:53:21.958065+00:00,27,MAR,Morocco,baseline_plus_one,11,Other,Africa,gemini2.5,google/gemini-2.5-pro,google/gemini-2.5-pro,3863,YES,The project involves collaboration with a,"YES
Rationale: The project involves collaboration with a",,820,298,1118
2656b3d23f4a0ef9,2025-10-05T21:53:23.012574+00:00,23,ARM,Armenia,baseline_plus_one,10,Other,Other,gemini2.5,google/gemini-2.5-pro,google/gemini-2.5-pro,3927,YES,The project involves collaboration with,"YES
Rationale: The project involves collaboration with",,806,298,1104
f6dfd4a37cc81524,2025-10-05T21:53:23.881504+00:00,2,SMR,San Marino,baseline_plus_one,5,Other,Other,gemini2.5,google/gemini-2.5-pro,google/gemini-2.5-pro,4394,YES,The project involves telecommunications and,"YES
Rationale: The project involves telecommunications and",,172,298,470
6eaf53ad43d0fb19,2025-10-05T21:53:25.799313+00:00,25,DJI,Djibouti,baseline_plus_one,0,Other,Other,gemini2.5,google/gemini-2.5-pro,google/gemini-2.5-pro,4795,YES,The project involves the development,"YES
Rationale: The project involves the development",,754,298,1052
bd54b34c599780ac,2025-10-05T21:53:26.205984+00:00,10,MAR,Morocco,baseline_plus_one,0,Other,Africa,gemini2.5,google/gemini-2.5-pro,google/gemini-2.5-pro,4244,YES,"The project involves ""cyber","YES
Rationale: The project involves ""cyber",,165,298,463
56b5d21c42fb5ce3,2025-10-05T21:53:27.274077+00:00,18,---,(none),baseline,31,(n/a),(n/a),gemini2.5,google/gemini-2.5-pro,google/gemini-2.5-pro,4239,YES,"The project focuses on developing ""crypt","YES
Rationale: The project focuses on developing ""crypt",,301,298,599
632ce2445e860af2,2025-10-05T21:53:27.932831+00:00,23,VGB,"Virgin Islands, British",baseline_plus_one,10,Other,Other,gemini2.5,google/gemini-2.5-pro,google/gemini-2.5-pro,4036,YES,The project involves the development of a,"YES
Rationale: The project involves the development of a",,809,298,1107
61c6f207524e897a,2025-10-05T21:53:29.850143+00:00,26,PRY,Paraguay,baseline_plus_one,3,Other,South America,gemini2.5,google/gemini-2.5-pro,google/gemini-2.5-pro,4027,YES,The project involves the development,"YES
Rationale: The project involves the development",,464,298,762
1e810bbc6722512c,2025-10-05T21:53:30.314453+00:00,34,DJI,Djibouti,baseline_plus_one,0,Other,Other,gemini2.5,google/gemini-2.5-pro,google/gemini-2.5-pro,4087,YES,The project involves the development of technology for,"YES
Rationale: The project involves the development of technology for",,651,298,949
125f850880d4997e,2025-10-05T21:53:31.382580+00:00,8,AND,Andorra,baseline_plus_one,3,Other,Other,gemini2.5,google/gemini-2.5-pro,google/gemini-2.5-pro,4088,YES,The project involves the development of,"YES
Rationale: The project involves the development of",,172,298,470
4af22fe7b599d6fc,2025-10-05T21:53:32.051916+00:00,7,DJI,Djibouti,baseline_plus_one,3,Other,Other,gemini2.5,google/gemini-2.5-pro,google/gemini-2.5-pro,4103,YES,The project involves developing technology for the,"YES
Rationale: The project involves developing technology for the",,185,298,483
b2c51f88aa19f9ee,2025-10-05T21:53:33.675568+00:00,14,JAM,Jamaica,baseline_plus_one,3,Other,Other,gemini2.5,google/gemini-2.5-pro,google/gemini-2.5-pro,3801,YES,"The project involves collaboration with a partner,","YES
Rationale: The project involves collaboration with a partner,",,186,298,484
873057f9656b8484,2025-10-05T21:53:34.250431+00:00,7,VGB,"Virgin Islands, British",baseline_plus_one,3,Other,Other,gemini2.5,google/gemini-2.5-pro,google/gemini-2.5-pro,3932,YES,The project develops technology for critical,"YES
Rationale: The project develops technology for critical",,188,298,486
3fb793e8598cd7e0,2025-10-05T21:53:35.335747+00:00,26,HMD,Heard Island and McDonald Islands,baseline_plus_one,3,Other,Other,gemini2.5,google/gemini-2.5-pro,google/gemini-2.5-pro,3946,YES,The project involves the development of novel distributed,"YES
Rationale: The project involves the development of novel distributed",,468,298,766
270780dcbfdd0d69,2025-10-05T21:53:36.204482+00:00,25,---,(none),baseline,0,(n/a),(n/a),gemini2.5,google/gemini-2.5-pro,google/gemini-2.5-pro,4131,YES,The project focuses on the development and testing,"YES
Rationale: The project focuses on the development and testing",,745,298,1043
a05ac45c4bc3719f,2025-10-05T21:53:38.013351+00:00,8,MAR,Morocco,baseline_plus_one,3,Other,Africa,gemini2.5,google/gemini-2.5-pro,google/gemini-2.5-pro,3745,YES,The project involves the development of,"YES
Rationale: The project involves the development of",,172,298,470
1cc7211233e4c9af,2025-10-05T21:53:38.066805+00:00,26,TCA,Turks and Caicos Islands,baseline_plus_one,3,Other,Other,gemini2.5,google/gemini-2.5-pro,google/gemini-2.5-pro,4381,YES,The project involves the development of novel,"YES
Rationale: The project involves the development of novel",,468,298,766
ee56824ebbe34c57,2025-10-05T21:53:39.403159+00:00,7,HMD,Heard Island and McDonald Islands,baseline_plus_one,3,Other,Other,gemini2.5,google/gemini-2.5-pro,google/gemini-2.5-pro,4052,YES,The project develops technology for the control and,"YES
Rationale: The project develops technology for the control and",,189,298,487
1ced3c376f18b97a,2025-10-05T21:53:40.056336+00:00,12,PRI,Puerto Rico,baseline_plus_one,5,Other,Other,gemini2.5,google/gemini-2.5-pro,google/gemini-2.5-pro,3835,YES,The project involves collaboration with a,"YES
Rationale: The project involves collaboration with a",,188,298,486
72851401ed872fb3,2025-10-05T21:53:42.319721+00:00,8,TCA,Turks and Caicos Islands,baseline_plus_one,3,Other,Other,gemini2.5,google/gemini-2.5-pro,google/gemini-2.5-pro,3950,YES,"The project involves developing underwater surveillance networks,","YES
Rationale: The project involves developing underwater surveillance networks,",,176,298,474
b5f327111a2829a9,2025-10-05T21:53:42.495096+00:00,2,AND,Andorra,baseline_plus_one,5,Other,Other,gemini2.5,google/gemini-2.5-pro,google/gemini-2.5-pro,4468,YES,"The project involves developing ""telemetry","YES
Rationale: The project involves developing ""telemetry",,171,297,468
9c4c0d027d6dbd39,2025-10-05T21:53:43.212840+00:00,25,HMD,Heard Island and McDonald Islands,baseline_plus_one,0,Other,Other,gemini2.5,google/gemini-2.5-pro,google/gemini-2.5-pro,3799,YES,The project,"YES
Rationale: The project",,758,298,1056
9df000e81926b03d,2025-10-05T21:53:43.941471+00:00,14,---,(none),baseline,3,(n/a),(n/a),gemini2.5,google/gemini-2.5-pro,google/gemini-2.5-pro,3863,NO,The project focuses on fundamental research into energy,"NO
Rationale: The project focuses on fundamental research into energy",,173,298,471
23d2c265246a8a8e,2025-10-05T21:53:46.179323+00:00,27,ARM,Armenia,baseline_plus_one,11,Other,Other,gemini2.5,google/gemini-2.5-pro,google/gemini-2.5-pro,3851,YES,The project involves research,"YES
Rationale: The project involves research",,820,298,1118
7cb4ca2777dd7cce,2025-10-05T21:53:46.760774+00:00,23,SMR,San Marino,baseline_plus_one,10,Other,Other,gemini2.5,google/gemini-2.5-pro,google/gemini-2.5-pro,4099,NO,The project focuses on developing a,"NO
Rationale: The project focuses on developing a",,807,298,1105
b81208ba9d209ea3,2025-10-05T21:53:47.029127+00:00,6,JAM,Jamaica,baseline_plus_one,1,Other,Other,gemini2.5,google/gemini-2.5-pro,google/gemini-2.5-pro,3812,YES,The project involves the development of dynamic encryption,"YES
Rationale: The project involves the development of dynamic encryption",,164,298,462
551013f3629c6550,2025-10-05T21:53:48.919359+00:00,25,SMR,San Marino,baseline_plus_one,0,Other,Other,gemini2.5,google/gemini-2.5-pro,google/gemini-2.5-pro,4971,YES,"The project focuses on the development, testing","YES
Rationale: The project focuses on the development, testing",,755,298,1053
a7c843264a3e43ca,2025-10-05T21:53:50.067925+00:00,7,---,(none),baseline,3,(n/a),(n/a),gemini2.5,google/gemini-2.5-pro,google/gemini-2.5-pro,3884,YES,The project develops technology for critical national,"YES
Rationale: The project develops technology for critical national",,172,298,470
381f3edd3acdf8bb,2025-10-05T21:53:50.393139+00:00,1,TCA,Turks and Caicos Islands,baseline_plus_one,0,Other,Other,gemini2.5,google/gemini-2.5-pro,google/gemini-2.5-pro,3615,YES,The project involves the,"YES
Rationale: The project involves the",,419,298,717
9491e70ef4a9e817,2025-10-05T21:53:51.503968+00:00,7,PRY,Paraguay,baseline_plus_one,3,Other,South America,gemini2.5,google/gemini-2.5-pro,google/gemini-2.5-pro,4386,YES,The project develops technology for the,"YES
Rationale: The project develops technology for the",,185,298,483
4a0ef1a76a516306,2025-10-05T21:53:52.971249+00:00,24,JAM,Jamaica,baseline_plus_one,3,Other,Other,gemini2.5,google/gemini-2.5-pro,google/gemini-2.5-pro,4045,YES,The project involves the development,"YES
Rationale: The project involves the development",,271,298,569
5427d498a5d6e226,2025-10-05T21:53:54.220409+00:00,24,SLE,Sierra Leone,baseline_plus_one,3,Other,Other,gemini2.5,google/gemini-2.5-pro,google/gemini-2.5-pro,3803,YES,The project involves the development,"YES
Rationale: The project involves the development",,272,298,570
ac6d61a06cd28588,2025-10-05T21:53:54.296557+00:00,23,PRI,Puerto Rico,baseline_plus_one,10,Other,Other,gemini2.5,google/gemini-2.5-pro,google/gemini-2.5-pro,4221,YES,"The project involves developing a ""new","YES
Rationale: The project involves developing a ""new",,807,298,1105
3c91b493c2c88ddb,2025-10-05T21:53:55.428739+00:00,14,ARM,Armenia,baseline_plus_one,3,Other,Other,gemini2.5,google/gemini-2.5-pro,google/gemini-2.5-pro,3902,YES,The project involves collaboration with a partner,"YES
Rationale: The project involves collaboration with a partner",,186,298,484
991925edc40f6521,2025-10-05T21:53:57.069746+00:00,14,TCA,Turks and Caicos Islands,baseline_plus_one,3,Other,Other,gemini2.5,google/gemini-2.5-pro,google/gemini-2.5-pro,4068,YES,The project involves collaboration with ETH Zurich,"YES
Rationale: The project involves collaboration with ETH Zurich",,190,298,488
6d0896d7467d5389,2025-10-05T21:53:58.409029+00:00,18,PRI,Puerto Rico,baseline_plus_one,31,Other,Other,gemini2.5,google/gemini-2.5-pro,google/gemini-2.5-pro,4172,YES,The project involves the development and use,"YES
Rationale: The project involves the development and use",,315,298,613
e58d14ef0ea585b5,2025-10-05T21:53:58.583771+00:00,12,SMR,San Marino,baseline_plus_one,5,Other,Other,gemini2.5,google/gemini-2.5-pro,google/gemini-2.5-pro,4021,NO,The project focuses on sustainable design frameworks and,"NO
Rationale: The project focuses on sustainable design frameworks and",,188,298,486
04f77cc20e78e7dc,2025-10-05T21:53:59.150490+00:00,6,---,(none),baseline,1,(n/a),(n/a),gemini2.5,google/gemini-2.5-pro,google/gemini-2.5-pro,3718,YES,The project involves dynamic encryption and its,"YES
Rationale: The project involves dynamic encryption and its",,151,298,449
ded28e417d93baf0,2025-10-05T21:54:00.978345+00:00,10,PRI,Puerto Rico,baseline_plus_one,0,Other,Other,gemini2.5,google/gemini-2.5-pro,google/gemini-2.5-pro,3902,YES,The project involves the development of software and,"YES
Rationale: The project involves the development of software and",,166,298,464
6ae7983283f4c140,2025-10-05T21:54:02.437035+00:00,18,JAM,Jamaica,baseline_plus_one,31,Other,Other,gemini2.5,google/gemini-2.5-pro,google/gemini-2.5-pro,4020,YES,The project involves the development and research of,"YES
Rationale: The project involves the development and research of",,314,298,612
8b59e8b956b96510,2025-10-05T21:54:02.745919+00:00,34,---,(none),baseline,0,(n/a),(n/a),gemini2.5,google/gemini-2.5-pro,google/gemini-2.5-pro,3997,YES,The project involves research and development of,"YES
Rationale: The project involves research and development of",,642,298,940
5b8fff43432521b0,2025-10-05T21:54:03.059763+00:00,2,HMD,Heard Island and McDonald Islands,baseline_plus_one,5,Other,Other,gemini2.5,google/gemini-2.5-pro,google/gemini-2.5-pro,3908,YES,The project involves collaboration with partners in the,"YES
Rationale: The project involves collaboration with partners in the",,175,298,473
93cf07705354bf0a,2025-10-05T21:54:04.801102+00:00,27,HMD,Heard Island and McDonald Islands,baseline_plus_one,11,Other,Other,gemini2.5,google/gemini-2.5-pro,google/gemini-2.5-pro,3806,YES,"The project involves collaboration with Wuhan University,","YES
Rationale: The project involves collaboration with Wuhan University,",,824,298,1122
ef5fdaaeeb5f15a4,2025-10-05T21:54:06.437785+00:00,10,TCA,Turks and Caicos Islands,baseline_plus_one,0,Other,Other,gemini2.5,google/gemini-2.5-pro,google/gemini-2.5-pro,3992,YES,The project involves the development of software and,"YES
Rationale: The project involves the development of software and",,169,298,467
f452b0fd572deee4,2025-10-05T21:54:07.039521+00:00,14,VGB,"Virgin Islands, British",baseline_plus_one,3,Other,Other,gemini2.5,google/gemini-2.5-pro,google/gemini-2.5-pro,4239,YES,The project involves collaboration with a partner located,"YES
Rationale: The project involves collaboration with a partner located",,189,298,487
2d6043b08ddb128f,2025-10-05T21:54:07.560851+00:00,2,IND,India,baseline_plus_one,5,BRICS,Asia,gemini2.5,google/gemini-2.5-pro,google/gemini-2.5-pro,4439,YES,The project involves telecommunications,"YES
Rationale: The project involves telecommunications",,171,298,469
3df12613ae161f7e,2025-10-05T21:54:08.694348+00:00,12,VGB,"Virgin Islands, British",baseline_plus_one,5,Other,Other,gemini2.5,google/gemini-2.5-pro,google/gemini-2.5-pro,3871,YES,The project involves collaboration with a,"YES
Rationale: The project involves collaboration with a",,190,298,488
b75d6deab5fadfc9,2025-10-05T21:54:11.101407+00:00,26,SLE,Sierra Leone,baseline_plus_one,3,Other,Other,gemini2.5,google/gemini-2.5-pro,google/gemini-2.5-pro,4659,YES,The project involves the development and transfer of,"YES
Rationale: The project involves the development and transfer of",,465,298,763
d6d917c2b39cfc17,2025-10-05T21:54:11.527624+00:00,14,PRI,Puerto Rico,baseline_plus_one,3,Other,Other,gemini2.5,google/gemini-2.5-pro,google/gemini-2.5-pro,4461,YES,"The project involves a partner, ETH Zurich","YES
Rationale: The project involves a partner, ETH Zurich",,187,298,485
